date,code,name,close,amount,volume,open,high,low
2021-05-25,513180,恒生科技ETF,1.003,604353039.0,604253800.0,0.991,1.004,0.987
2021-05-26,513180,恒生科技ETF,1.004,452312285.0,450025400.0,1.005,1.009,1.001
2021-05-27,513180,恒生科技ETF,1.005,345241070.0,343661900.0,1.001,1.009,1.0
2021-05-28,513180,恒生科技ETF,0.991,317821834.0,317619300.0,1.01,1.01,0.988
2021-05-31,513180,恒生科技ETF,0.998,266740253.0,267986200.0,0.995,1.001,0.99
2021-06-01,513180,恒生科技ETF,1.03,905461570.0,886779700.0,1.009,1.033,1.003
2021-06-02,513180,恒生科技ETF,1.022,306999300.0,298824500.0,1.035,1.039,1.021
2021-06-03,513180,恒生科技ETF,1.016,254073910.0,247716500.0,1.024,1.032,1.014
2021-06-04,513180,恒生科技ETF,1.01,332870342.0,328716000.0,1.009,1.02,1.005
2021-06-07,513180,恒生科技ETF,1.004,212488010.0,212041000.0,1.014,1.014,0.997
2021-06-08,513180,恒生科技ETF,0.993,273466956.0,274591700.0,1.006,1.009,0.99
2021-06-09,513180,恒生科技ETF,0.992,136143950.0,137082400.0,0.993,0.998,0.989
2021-06-10,513180,恒生科技ETF,0.991,276852851.0,278427000.0,0.995,1.001,0.99
2021-06-11,513180,恒生科技ETF,0.992,185023927.0,185812800.0,0.996,1.003,0.992
2021-06-15,513180,恒生科技ETF,0.991,189219939.0,190879700.0,0.998,1.001,0.982
2021-06-16,513180,恒生科技ETF,0.98,158002393.0,160818800.0,0.987,0.989,0.979
2021-06-17,513180,恒生科技ETF,0.986,227082215.0,231047400.0,0.974,0.986,0.972
2021-06-18,513180,恒生科技ETF,1.004,315035875.0,313482400.0,0.994,1.012,0.994
2021-06-21,513180,恒生科技ETF,0.998,210340493.0,211000900.0,0.997,1.003,0.992
2021-06-22,513180,恒生科技ETF,0.987,273045566.0,276024600.0,1.001,1.002,0.984
2021-06-23,513180,恒生科技ETF,1.008,282583684.0,282549700.0,0.991,1.01,0.987
2021-06-24,513180,恒生科技ETF,1.01,238531759.0,235724800.0,1.01,1.017,1.007
2021-06-25,513180,恒生科技ETF,1.03,320032615.0,311993300.0,1.018,1.032,1.017
2021-06-28,513180,恒生科技ETF,1.033,192627941.0,186217400.0,1.031,1.04,1.03
2021-06-29,513180,恒生科技ETF,1.023,259315335.0,251466300.0,1.036,1.043,1.023
2021-06-30,513180,恒生科技ETF,1.023,155696450.0,151632300.0,1.032,1.035,1.022
2021-07-01,513180,恒生科技ETF,1.016,63046166.0,61888900.0,1.023,1.024,1.016
2021-07-02,513180,恒生科技ETF,0.992,316690241.0,317949500.0,1.018,1.018,0.99
2021-07-05,513180,恒生科技ETF,0.971,338510653.0,347879700.0,0.988,0.991,0.964
2021-07-06,513180,恒生科技ETF,0.962,305239650.0,318221100.0,0.971,0.973,0.953
2021-07-07,513180,恒生科技ETF,0.953,261468832.0,274404700.0,0.954,0.959,0.947
2021-07-08,513180,恒生科技ETF,0.93,313503882.0,334366500.0,0.956,0.956,0.928
2021-07-09,513180,恒生科技ETF,0.936,452914782.0,488178900.0,0.925,0.943,0.907
2021-07-12,513180,恒生科技ETF,0.945,201308983.0,213638300.0,0.948,0.951,0.934
2021-07-13,513180,恒生科技ETF,0.96,257487755.0,268126900.0,0.949,0.968,0.946
2021-07-14,513180,恒生科技ETF,0.962,180233063.0,187034500.0,0.962,0.968,0.96
2021-07-15,513180,恒生科技ETF,0.963,146039117.0,151715300.0,0.963,0.966,0.957
2021-07-16,513180,恒生科技ETF,0.956,200529162.0,209370500.0,0.961,0.964,0.953
2021-07-19,513180,恒生科技ETF,0.939,166193226.0,177011600.0,0.95,0.95,0.934
2021-07-20,513180,恒生科技ETF,0.925,272395251.0,293729000.0,0.933,0.942,0.919
2021-07-21,513180,恒生科技ETF,0.922,258757705.0,280111800.0,0.931,0.934,0.919
2021-07-22,513180,恒生科技ETF,0.937,187429373.0,200145300.0,0.93,0.941,0.93
2021-07-23,513180,恒生科技ETF,0.921,251860747.0,272132900.0,0.938,0.94,0.92
2021-07-26,513180,恒生科技ETF,0.869,546626338.0,625476400.0,0.901,0.901,0.856
2021-07-27,513180,恒生科技ETF,0.801,771041503.0,933094700.0,0.855,0.856,0.797
2021-07-28,513180,恒生科技ETF,0.808,565595041.0,703486098.0,0.811,0.822,0.789
2021-07-29,513180,恒生科技ETF,0.864,494025798.0,575410104.0,0.85,0.872,0.844
2021-07-30,513180,恒生科技ETF,0.842,382915156.0,454385804.0,0.85,0.854,0.831
2021-08-02,513180,恒生科技ETF,0.853,252274683.0,296832400.0,0.852,0.858,0.84
2021-08-03,513180,恒生科技ETF,0.843,381944641.0,455689200.0,0.855,0.856,0.825
2021-08-04,513180,恒生科技ETF,0.86,331490949.0,387097769.0,0.839,0.87,0.831
2021-08-05,513180,恒生科技ETF,0.843,314830638.0,368501445.0,0.858,0.868,0.841
2021-08-06,513180,恒生科技ETF,0.846,320481339.0,379314900.0,0.847,0.851,0.837
2021-08-09,513180,恒生科技ETF,0.843,299165846.0,355226706.0,0.83,0.851,0.829
2021-08-10,513180,恒生科技ETF,0.858,290191332.0,340828700.0,0.852,0.86,0.843
2021-08-11,513180,恒生科技ETF,0.858,269005975.0,313218800.0,0.855,0.867,0.848
2021-08-12,513180,恒生科技ETF,0.845,280877393.0,329493900.0,0.856,0.859,0.845
2021-08-13,513180,恒生科技ETF,0.828,292291011.0,351387320.0,0.836,0.842,0.825
2021-08-16,513180,恒生科技ETF,0.81,359152978.0,441449000.0,0.827,0.828,0.807
2021-08-17,513180,恒生科技ETF,0.786,429960691.0,541979290.0,0.803,0.809,0.781
2021-08-18,513180,恒生科技ETF,0.786,236997958.0,300597400.0,0.787,0.794,0.782
2021-08-19,513180,恒生科技ETF,0.767,344371489.0,443989500.0,0.787,0.79,0.767
2021-08-20,513180,恒生科技ETF,0.747,647473735.0,865507000.0,0.761,0.762,0.733
2021-08-23,513180,恒生科技ETF,0.761,382318815.0,498197800.0,0.76,0.777,0.757
2021-08-24,513180,恒生科技ETF,0.803,503442941.0,636215700.0,0.777,0.803,0.775
2021-08-25,513180,恒生科技ETF,0.807,484955567.0,592503484.0,0.825,0.835,0.806
2021-08-26,513180,恒生科技ETF,0.793,449008201.0,560990300.0,0.809,0.814,0.789
2021-08-27,513180,恒生科技ETF,0.794,349455427.0,434965600.0,0.795,0.813,0.794
2021-08-30,513180,恒生科技ETF,0.8,313501977.0,392399100.0,0.791,0.806,0.789
2021-08-31,513180,恒生科技ETF,0.821,376254687.0,466884200.0,0.804,0.822,0.793
2021-09-01,513180,恒生科技ETF,0.839,436463855.0,520484900.0,0.833,0.848,0.826
2021-09-02,513180,恒生科技ETF,0.853,416780383.0,486468800.0,0.856,0.866,0.847
2021-09-03,513180,恒生科技ETF,0.841,322208188.0,382077200.0,0.851,0.851,0.838
2021-09-06,513180,恒生科技ETF,0.848,294522787.0,348394400.0,0.839,0.851,0.837
2021-09-07,513180,恒生科技ETF,0.865,314734931.0,364208080.0,0.855,0.871,0.854
2021-09-08,513180,恒生科技ETF,0.86,379757200.0,439509900.0,0.871,0.874,0.858
2021-09-09,513180,恒生科技ETF,0.83,359372876.0,429306700.0,0.848,0.848,0.829
2021-09-10,513180,恒生科技ETF,0.838,327129161.0,389165000.0,0.836,0.845,0.833
2021-09-13,513180,恒生科技ETF,0.822,254362542.0,308860200.0,0.832,0.833,0.817
2021-09-14,513180,恒生科技ETF,0.812,258443241.0,314611907.0,0.828,0.831,0.81
2021-09-15,513180,恒生科技ETF,0.792,311830225.0,390309000.0,0.806,0.806,0.79
2021-09-16,513180,恒生科技ETF,0.777,340580958.0,436093500.0,0.792,0.795,0.773
2021-09-17,513180,恒生科技ETF,0.808,357356517.0,447197800.0,0.784,0.81,0.781
2021-09-22,513180,恒生科技ETF,0.801,175147550.0,219882100.0,0.785,0.801,0.785
2021-09-23,513180,恒生科技ETF,0.792,349151168.0,434800700.0,0.808,0.815,0.792
2021-09-24,513180,恒生科技ETF,0.778,401444776.0,509145600.0,0.794,0.797,0.777
2021-09-27,513180,恒生科技ETF,0.768,331936260.0,428552200.0,0.78,0.785,0.767
2021-09-28,513180,恒生科技ETF,0.782,299574266.0,384086000.0,0.778,0.787,0.771
2021-09-29,513180,恒生科技ETF,0.773,304081554.0,396415700.0,0.763,0.774,0.759
2021-09-30,513180,恒生科技ETF,0.769,265128575.0,346523900.0,0.764,0.773,0.76
2021-10-08,513180,恒生科技ETF,0.776,399698590.0,513297700.0,0.795,0.796,0.77
2021-10-11,513180,恒生科技ETF,0.798,405693627.0,508959700.0,0.788,0.805,0.787
2021-10-12,513180,恒生科技ETF,0.779,325811887.0,414994600.0,0.786,0.793,0.778
2021-10-13,513180,恒生科技ETF,0.784,98166199.0,125931400.0,0.775,0.785,0.775
2021-10-14,513180,恒生科技ETF,0.791,134445357.0,170135400.0,0.788,0.794,0.786
2021-10-15,513180,恒生科技ETF,0.785,336177085.0,428700200.0,0.79,0.791,0.78
2021-10-18,513180,恒生科技ETF,0.779,266785878.0,341530900.0,0.79,0.792,0.776
2021-10-19,513180,恒生科技ETF,0.807,459069356.0,573296100.0,0.788,0.808,0.787
2021-10-20,513180,恒生科技ETF,0.827,388645078.0,470045100.0,0.821,0.834,0.818
2021-10-21,513180,恒生科技ETF,0.82,283173380.0,344116807.0,0.831,0.833,0.814
2021-10-22,513180,恒生科技ETF,0.836,297152197.0,356291900.0,0.827,0.841,0.826
2021-10-25,513180,恒生科技ETF,0.837,234761107.0,280956000.0,0.833,0.841,0.829
2021-10-26,513180,恒生科技ETF,0.821,253731464.0,306288200.0,0.837,0.839,0.819
2021-10-27,513180,恒生科技ETF,0.796,325376980.0,407238700.0,0.811,0.811,0.794
2021-10-28,513180,恒生科技ETF,0.799,262982106.0,327130800.0,0.802,0.811,0.795
2021-10-29,513180,恒生科技ETF,0.792,253541351.0,318924486.0,0.798,0.8,0.791
2021-11-01,513180,恒生科技ETF,0.782,296993229.0,379729000.0,0.787,0.79,0.778
2021-11-02,513180,恒生科技ETF,0.787,377308670.0,472109000.0,0.8,0.81,0.786
2021-11-03,513180,恒生科技ETF,0.779,429345244.0,551753100.0,0.786,0.79,0.771
2021-11-04,513180,恒生科技ETF,0.787,274490983.0,348060000.0,0.785,0.793,0.785
2021-11-05,513180,恒生科技ETF,0.783,192140543.0,244623800.0,0.782,0.791,0.78
2021-11-08,513180,恒生科技ETF,0.769,326272599.0,422564500.0,0.778,0.778,0.768
2021-11-09,513180,恒生科技ETF,0.772,239646743.0,310940000.0,0.775,0.778,0.765
2021-11-10,513180,恒生科技ETF,0.778,341675830.0,442691600.0,0.769,0.779,0.765
2021-11-11,513180,恒生科技ETF,0.805,387168020.0,489815000.0,0.779,0.807,0.778
2021-11-12,513180,恒生科技ETF,0.808,352469241.0,435182400.0,0.815,0.817,0.804
2021-11-15,513180,恒生科技ETF,0.813,257203272.0,315965000.0,0.815,0.818,0.81
2021-11-16,513180,恒生科技ETF,0.825,303235414.0,369316200.0,0.816,0.828,0.813
2021-11-17,513180,恒生科技ETF,0.823,225504034.0,274569600.0,0.825,0.825,0.816
2021-11-18,513180,恒生科技ETF,0.8,262398234.0,327114200.0,0.809,0.81,0.797
2021-11-19,513180,恒生科技ETF,0.797,335677390.0,424190900.0,0.788,0.799,0.783
2021-11-22,513180,恒生科技ETF,0.792,232963446.0,292782200.0,0.798,0.801,0.791
2021-11-23,513180,恒生科技ETF,0.784,468749001.0,598647600.0,0.783,0.787,0.779
2021-11-24,513180,恒生科技ETF,0.785,355671876.0,453784400.0,0.784,0.79,0.779
2021-11-25,513180,恒生科技ETF,0.788,292207005.0,373059600.0,0.785,0.789,0.779
2021-11-26,513180,恒生科技ETF,0.77,540695888.0,699381500.0,0.782,0.783,0.767
2021-11-29,513180,恒生科技ETF,0.758,447095610.0,587330300.0,0.763,0.773,0.754
2021-11-30,513180,恒生科技ETF,0.74,723345881.0,969481700.0,0.757,0.76,0.735
2021-12-01,513180,恒生科技ETF,0.751,291831918.0,389065000.0,0.745,0.754,0.744
2021-12-02,513180,恒生科技ETF,0.744,409396167.0,551722800.0,0.741,0.747,0.739
2021-12-03,513180,恒生科技ETF,0.735,618708848.0,844936500.0,0.739,0.741,0.726
2021-12-06,513180,恒生科技ETF,0.708,724506989.0,1013126600.0,0.719,0.723,0.706
2021-12-07,513180,恒生科技ETF,0.731,525010723.0,726493020.0,0.721,0.732,0.715
2021-12-08,513180,恒生科技ETF,0.737,414076550.0,561739900.0,0.738,0.741,0.733
2021-12-09,513180,恒生科技ETF,0.749,374412758.0,501107925.0,0.74,0.752,0.74
2021-12-10,513180,恒生科技ETF,0.743,341627640.0,456816000.0,0.745,0.755,0.742
2021-12-13,513180,恒生科技ETF,0.747,688070198.0,912637574.0,0.75,0.759,0.746
2021-12-14,513180,恒生科技ETF,0.727,516954557.0,706686900.0,0.737,0.74,0.726
2021-12-15,513180,恒生科技ETF,0.714,508634493.0,703485600.0,0.726,0.73,0.713
2021-12-16,513180,恒生科技ETF,0.713,630333346.0,888804000.0,0.714,0.714,0.703
2021-12-17,513180,恒生科技ETF,0.703,571781023.0,810277900.0,0.711,0.714,0.701
2021-12-20,513180,恒生科技ETF,0.683,1102410969.0,1589664200.0,0.7,0.705,0.682
2021-12-21,513180,恒生科技ETF,0.692,547755445.0,801381700.0,0.68,0.693,0.676
2021-12-22,513180,恒生科技ETF,0.697,444978407.0,633354222.0,0.705,0.709,0.695
2021-12-23,513180,恒生科技ETF,0.697,502718254.0,720080500.0,0.699,0.704,0.691
2021-12-24,513180,恒生科技ETF,0.695,295436981.0,424171800.0,0.702,0.704,0.693
2021-12-27,513180,恒生科技ETF,0.696,219772312.0,315360700.0,0.696,0.699,0.695
2021-12-28,513180,恒生科技ETF,0.69,432647243.0,627269400.0,0.698,0.699,0.684
2021-12-29,513180,恒生科技ETF,0.676,432112944.0,636362400.0,0.687,0.688,0.676
2021-12-30,513180,恒生科技ETF,0.678,401303614.0,593085600.0,0.675,0.683,0.671
2021-12-31,513180,恒生科技ETF,0.701,498612525.0,711122400.0,0.699,0.705,0.698
2022-01-04,513180,恒生科技ETF,0.69,480622832.0,693594900.0,0.701,0.701,0.688
2022-01-05,513180,恒生科技ETF,0.664,1033116323.0,1545475000.0,0.682,0.683,0.663
2022-01-06,513180,恒生科技ETF,0.655,767335684.0,1171504400.0,0.658,0.664,0.649
2022-01-07,513180,恒生科技ETF,0.677,771811166.0,1147575382.0,0.67,0.678,0.667
2022-01-10,513180,恒生科技ETF,0.691,528056046.0,767898275.0,0.677,0.695,0.673
2022-01-11,513180,恒生科技ETF,0.689,598274093.0,863404638.0,0.69,0.699,0.686
2022-01-12,513180,恒生科技ETF,0.719,981959216.0,1374206222.0,0.707,0.721,0.707
2022-01-13,513180,恒生科技ETF,0.711,544536150.0,761047696.0,0.727,0.729,0.707
2022-01-14,513180,恒生科技ETF,0.706,577195306.0,823837600.0,0.695,0.707,0.691
2022-01-17,513180,恒生科技ETF,0.703,469015187.0,666440900.0,0.705,0.712,0.698
2022-01-18,513180,恒生科技ETF,0.702,507247190.0,715345300.0,0.706,0.717,0.701
2022-01-19,513180,恒生科技ETF,0.695,573352055.0,818504700.0,0.703,0.709,0.691
2022-01-20,513180,恒生科技ETF,0.721,682425931.0,957205323.0,0.699,0.723,0.696
2022-01-21,513180,恒生科技ETF,0.72,643472927.0,893998902.0,0.717,0.726,0.713
2022-01-24,513180,恒生科技ETF,0.704,533485762.0,757822100.0,0.705,0.708,0.7
2022-01-25,513180,恒生科技ETF,0.682,969751160.0,1411953700.0,0.69,0.694,0.681
2022-01-26,513180,恒生科技ETF,0.688,547923656.0,797770400.0,0.684,0.695,0.679
2022-01-27,513180,恒生科技ETF,0.66,902566766.0,1356214240.0,0.671,0.676,0.658
2022-01-28,513180,恒生科技ETF,0.658,641571359.0,979565600.0,0.666,0.667,0.648
2022-02-07,513180,恒生科技ETF,0.677,556457881.0,820061000.0,0.683,0.687,0.672
2022-02-08,513180,恒生科技ETF,0.673,472630217.0,704601100.0,0.674,0.678,0.665
2022-02-09,513180,恒生科技ETF,0.694,582840190.0,843494498.0,0.686,0.696,0.685
2022-02-10,513180,恒生科技ETF,0.695,422631826.0,607058262.0,0.704,0.705,0.689
2022-02-11,513180,恒生科技ETF,0.685,675510533.0,978320900.0,0.689,0.697,0.683
2022-02-14,513180,恒生科技ETF,0.68,463971012.0,684304200.0,0.677,0.683,0.673
2022-02-15,513180,恒生科技ETF,0.676,638564455.0,941218294.0,0.675,0.684,0.673
2022-02-16,513180,恒生科技ETF,0.687,330442393.0,480665893.0,0.687,0.691,0.684
2022-02-17,513180,恒生科技ETF,0.69,532331044.0,771465335.0,0.686,0.696,0.684
2022-02-18,513180,恒生科技ETF,0.683,371713051.0,538179500.0,0.685,0.695,0.682
2022-02-21,513180,恒生科技ETF,0.658,809155445.0,1221000385.0,0.666,0.669,0.656
2022-02-22,513180,恒生科技ETF,0.64,736728436.0,1149921600.0,0.64,0.648,0.636
2022-02-23,513180,恒生科技ETF,0.652,634584939.0,982228366.0,0.642,0.653,0.639
2022-02-24,513180,恒生科技ETF,0.628,1073604730.0,1707801191.0,0.636,0.639,0.618
2022-02-25,513180,恒生科技ETF,0.627,601293655.0,951991100.0,0.636,0.638,0.626
2022-02-28,513180,恒生科技ETF,0.621,977720976.0,1574836708.0,0.628,0.63,0.616
2022-03-01,513180,恒生科技ETF,0.633,486675986.0,775988243.0,0.628,0.633,0.623
2022-03-02,513180,恒生科技ETF,0.616,620855690.0,998367524.0,0.626,0.629,0.615
2022-03-03,513180,恒生科技ETF,0.607,660083642.0,1083329200.0,0.616,0.618,0.604
2022-03-04,513180,恒生科技ETF,0.581,974956359.0,1671024300.0,0.585,0.588,0.578
2022-03-07,513180,恒生科技ETF,0.558,1214745274.0,2184688900.0,0.561,0.571,0.546
2022-03-08,513180,恒生科技ETF,0.537,1039060092.0,1897941812.0,0.556,0.558,0.534
2022-03-09,513180,恒生科技ETF,0.536,859549412.0,1610022684.0,0.543,0.548,0.52
2022-03-10,513180,恒生科技ETF,0.539,1010272690.0,1843515931.0,0.555,0.559,0.538
2022-03-11,513180,恒生科技ETF,0.521,1327219437.0,2603458868.0,0.511,0.521,0.499
2022-03-14,513180,恒生科技ETF,0.482,1350773659.0,2746226074.0,0.501,0.502,0.481
2022-03-15,513180,恒生科技ETF,0.439,2075190669.0,4526094094.0,0.452,0.479,0.438
2022-03-16,513180,恒生科技ETF,0.483,1755494441.0,3813829625.0,0.457,0.483,0.446
2022-03-17,513180,恒生科技ETF,0.531,153373651.0,288839268.0,0.531,0.531,0.531
2022-03-18,513180,恒生科技ETF,0.547,2217872272.0,4138287068.0,0.527,0.554,0.52
2022-03-21,513180,恒生科技ETF,0.54,1358619223.0,2485422600.0,0.563,0.564,0.536
2022-03-22,513180,恒生科技ETF,0.554,1354397783.0,2470287813.0,0.541,0.559,0.539
2022-03-23,513180,恒生科技ETF,0.581,1649085026.0,2829359726.0,0.576,0.594,0.57
2022-03-24,513180,恒生科技ETF,0.565,1019438951.0,1777022800.0,0.573,0.58,0.565
2022-03-25,513180,恒生科技ETF,0.531,1280580005.0,2344426966.0,0.553,0.564,0.53
2022-03-28,513180,恒生科技ETF,0.543,1159166288.0,2137990500.0,0.532,0.555,0.525
2022-03-29,513180,恒生科技ETF,0.558,783372365.0,1409901800.0,0.552,0.561,0.551
2022-03-30,513180,恒生科技ETF,0.566,774325883.0,1368527040.0,0.571,0.573,0.558
2022-03-31,513180,恒生科技ETF,0.552,465253859.0,839974600.0,0.562,0.563,0.549
2022-04-01,513180,恒生科技ETF,0.546,663330268.0,1231874100.0,0.535,0.548,0.531
2022-04-06,513180,恒生科技ETF,0.562,602927546.0,1075630320.0,0.562,0.565,0.557
2022-04-07,513180,恒生科技ETF,0.545,642460980.0,1161012690.0,0.549,0.564,0.545
2022-04-08,513180,恒生科技ETF,0.537,708959388.0,1324547798.0,0.54,0.542,0.529
2022-04-11,513180,恒生科技ETF,0.51,717589195.0,1386450755.0,0.532,0.532,0.51
2022-04-12,513180,恒生科技ETF,0.523,882254087.0,1712890331.0,0.521,0.527,0.503
2022-04-13,513180,恒生科技ETF,0.519,495310923.0,954180900.0,0.513,0.526,0.512
2022-04-14,513180,恒生科技ETF,0.526,418556564.0,795833200.0,0.526,0.529,0.521
2022-04-15,513180,恒生科技ETF,0.517,130050173.0,251849824.0,0.519,0.519,0.514
2022-04-18,513180,恒生科技ETF,0.512,192317351.0,376494616.0,0.516,0.516,0.509
2022-04-19,513180,恒生科技ETF,0.508,436122824.0,855243116.0,0.513,0.518,0.506
2022-04-20,513180,恒生科技ETF,0.508,421807273.0,825351068.0,0.511,0.518,0.507
2022-04-21,513180,恒生科技ETF,0.493,615434956.0,1241722900.0,0.498,0.503,0.489
2022-04-22,513180,恒生科技ETF,0.494,569418820.0,1164395934.0,0.479,0.5,0.477
2022-04-25,513180,恒生科技ETF,0.476,643076609.0,1326072800.0,0.486,0.492,0.475
2022-04-26,513180,恒生科技ETF,0.492,822512080.0,1662069893.0,0.486,0.504,0.485
2022-04-27,513180,恒生科技ETF,0.502,772917720.0,1557791700.0,0.487,0.504,0.485
2022-04-28,513180,恒生科技ETF,0.509,639821149.0,1264998000.0,0.51,0.511,0.501
2022-04-29,513180,恒生科技ETF,0.559,1268288190.0,2337393300.0,0.514,0.56,0.514
2022-05-05,513180,恒生科技ETF,0.544,538644951.0,980575200.0,0.552,0.555,0.543
2022-05-06,513180,恒生科技ETF,0.515,728965143.0,1400633400.0,0.523,0.527,0.514
2022-05-09,513180,恒生科技ETF,0.503,259108836.0,514099100.0,0.504,0.506,0.502
2022-05-10,513180,恒生科技ETF,0.503,821716953.0,1649088299.0,0.489,0.507,0.485
2022-05-11,513180,恒生科技ETF,0.517,1205875958.0,2318353584.0,0.501,0.535,0.5
2022-05-12,513180,恒生科技ETF,0.505,848475287.0,1667447000.0,0.507,0.516,0.502
2022-05-13,513180,恒生科技ETF,0.525,733011827.0,1406296100.0,0.515,0.526,0.515
2022-05-16,513180,恒生科技ETF,0.525,888995893.0,1681917200.0,0.54,0.542,0.521
2022-05-17,513180,恒生科技ETF,0.552,905209108.0,1665213196.0,0.538,0.553,0.534
2022-05-18,513180,恒生科技ETF,0.548,890804930.0,1629687100.0,0.551,0.555,0.541
2022-05-19,513180,恒生科技ETF,0.533,986780792.0,1857146800.0,0.531,0.538,0.526
2022-05-20,513180,恒生科技ETF,0.549,942807994.0,1725102514.0,0.545,0.55,0.542
2022-05-23,513180,恒生科技ETF,0.535,890964147.0,1654452675.0,0.546,0.548,0.533
2022-05-24,513180,恒生科技ETF,0.513,840271657.0,1597554799.0,0.533,0.537,0.513
2022-05-25,513180,恒生科技ETF,0.519,782821298.0,1516525400.0,0.512,0.522,0.511
2022-05-26,513180,恒生科技ETF,0.517,888163237.0,1715222963.0,0.522,0.524,0.511
2022-05-27,513180,恒生科技ETF,0.538,1034399651.0,1912141231.0,0.544,0.548,0.534
2022-05-30,513180,恒生科技ETF,0.553,859046751.0,1562615900.0,0.547,0.554,0.544
2022-05-31,513180,恒生科技ETF,0.569,1194977292.0,2118460052.0,0.552,0.574,0.551
2022-06-01,513180,恒生科技ETF,0.566,904376769.0,1597780600.0,0.569,0.574,0.561
2022-06-02,513180,恒生科技ETF,0.563,943652759.0,1683243900.0,0.559,0.565,0.556
2022-06-06,513180,恒生科技ETF,0.578,940751514.0,1640105436.0,0.572,0.58,0.564
2022-06-07,513180,恒生科技ETF,0.588,1476225908.0,2506795000.0,0.583,0.599,0.58
2022-06-08,513180,恒生科技ETF,0.612,1334223538.0,2198088016.0,0.599,0.613,0.599
2022-06-09,513180,恒生科技ETF,0.601,1611655219.0,2635766683.0,0.626,0.628,0.598
2022-06-10,513180,恒生科技ETF,0.614,1524630870.0,2510437648.0,0.59,0.619,0.588
2022-06-13,513180,恒生科技ETF,0.594,1463642052.0,2439069300.0,0.596,0.61,0.59
2022-06-14,513180,恒生科技ETF,0.596,1479700358.0,2521994100.0,0.584,0.598,0.577
2022-06-15,513180,恒生科技ETF,0.601,1425838211.0,2355008500.0,0.602,0.611,0.599
2022-06-16,513180,恒生科技ETF,0.585,1646390094.0,2759057100.0,0.608,0.611,0.584
2022-06-17,513180,恒生科技ETF,0.594,1381600271.0,2336961302.0,0.578,0.598,0.575
2022-06-20,513180,恒生科技ETF,0.596,1156238661.0,1959738966.0,0.594,0.597,0.583
2022-06-21,513180,恒生科技ETF,0.605,1177187142.0,1958246043.0,0.598,0.608,0.591
2022-06-22,513180,恒生科技ETF,0.589,1072747426.0,1793867683.0,0.607,0.61,0.588
2022-06-23,513180,恒生科技ETF,0.6,1339250270.0,2251666998.0,0.593,0.603,0.584
2022-06-24,513180,恒生科技ETF,0.621,1120876223.0,1827107200.0,0.606,0.623,0.604
2022-06-27,513180,恒生科技ETF,0.645,2256523082.0,3498216576.0,0.628,0.655,0.628
2022-06-28,513180,恒生科技ETF,0.652,2190677535.0,3409401370.0,0.643,0.656,0.632
2022-06-29,513180,恒生科技ETF,0.63,1979096321.0,3097277000.0,0.643,0.652,0.626
2022-06-30,513180,恒生科技ETF,0.622,1884507605.0,2990223800.0,0.631,0.638,0.617
2022-07-01,513180,恒生科技ETF,0.619,377019460.0,608960669.0,0.624,0.626,0.614
2022-07-04,513180,恒生科技ETF,0.626,1426631889.0,2289686800.0,0.621,0.628,0.614
2022-07-05,513180,恒生科技ETF,0.626,1279858647.0,2035906495.0,0.636,0.639,0.621
2022-07-06,513180,恒生科技ETF,0.609,1513931491.0,2461056500.0,0.627,0.629,0.603
2022-07-07,513180,恒生科技ETF,0.61,1282447148.0,2113516079.0,0.606,0.615,0.596
2022-07-08,513180,恒生科技ETF,0.615,1239582308.0,2009407312.0,0.62,0.624,0.612
2022-07-11,513180,恒生科技ETF,0.59,1358379842.0,2284923513.0,0.607,0.607,0.588
2022-07-12,513180,恒生科技ETF,0.583,1557005641.0,2655658065.0,0.586,0.595,0.579
2022-07-13,513180,恒生科技ETF,0.587,1155803653.0,1962273656.0,0.588,0.595,0.582
2022-07-14,513180,恒生科技ETF,0.59,1071006107.0,1815047300.0,0.587,0.596,0.584
2022-07-15,513180,恒生科技ETF,0.574,1177151672.0,2029338031.0,0.583,0.588,0.573
2022-07-18,513180,恒生科技ETF,0.589,1420313243.0,2453006202.0,0.576,0.59,0.567
2022-07-19,513180,恒生科技ETF,0.583,846483954.0,1451859257.0,0.587,0.59,0.578
2022-07-20,513180,恒生科技ETF,0.592,717127375.0,1207691000.0,0.592,0.597,0.59
2022-07-21,513180,恒生科技ETF,0.592,1001231948.0,1686485900.0,0.588,0.6,0.587
2022-07-22,513180,恒生科技ETF,0.594,810809146.0,1358612041.0,0.599,0.603,0.59
2022-07-25,513180,恒生科技ETF,0.584,912520758.0,1562831100.0,0.595,0.595,0.579
2022-07-26,513180,恒生科技ETF,0.593,827180154.0,1402852625.0,0.588,0.595,0.583
2022-07-27,513180,恒生科技ETF,0.584,711775412.0,1215983978.0,0.585,0.589,0.583
2022-07-28,513180,恒生科技ETF,0.585,941706906.0,1602755296.0,0.588,0.592,0.584
2022-07-29,513180,恒生科技ETF,0.555,1676371842.0,2965437000.0,0.586,0.588,0.552
2022-08-01,513180,恒生科技ETF,0.557,992628928.0,1787799924.0,0.551,0.562,0.548
2022-08-02,513180,恒生科技ETF,0.541,1215225425.0,2248676900.0,0.548,0.548,0.534
2022-08-03,513180,恒生科技ETF,0.546,950698911.0,1726252440.0,0.551,0.556,0.544
2022-08-04,513180,恒生科技ETF,0.563,893518743.0,1589748629.0,0.56,0.566,0.557
2022-08-05,513180,恒生科技ETF,0.568,716492186.0,1264946700.0,0.57,0.571,0.563
2022-08-08,513180,恒生科技ETF,0.56,699239123.0,1247191100.0,0.561,0.566,0.557
2022-08-09,513180,恒生科技ETF,0.555,908326932.0,1634351900.0,0.558,0.562,0.551
2022-08-10,513180,恒生科技ETF,0.536,1057428309.0,1953835520.0,0.552,0.552,0.534
2022-08-11,513180,恒生科技ETF,0.554,1101721166.0,2007431879.0,0.545,0.556,0.544
2022-08-12,513180,恒生科技ETF,0.56,845143548.0,1513718201.0,0.56,0.562,0.554
2022-08-15,513180,恒生科技ETF,0.559,859691610.0,1532073259.0,0.556,0.567,0.556
2022-08-16,513180,恒生科技ETF,0.547,983224661.0,1771838712.0,0.564,0.565,0.542
2022-08-17,513180,恒生科技ETF,0.551,812813538.0,1479888133.0,0.553,0.554,0.543
2022-08-18,513180,恒生科技ETF,0.544,855127944.0,1567156230.0,0.55,0.55,0.543
2022-08-19,513180,恒生科技ETF,0.545,821729442.0,1501461800.0,0.54,0.552,0.539
2022-08-22,513180,恒生科技ETF,0.543,773183883.0,1424231100.0,0.54,0.547,0.539
2022-08-23,513180,恒生科技ETF,0.54,669677826.0,1234835100.0,0.544,0.547,0.538
2022-08-24,513180,恒生科技ETF,0.529,869422923.0,1632795746.0,0.542,0.543,0.527
2022-08-25,513180,恒生科技ETF,0.552,1050448613.0,1939170187.0,0.536,0.553,0.535
2022-08-26,513180,恒生科技ETF,0.56,1015934909.0,1805731829.0,0.566,0.568,0.558
2022-08-29,513180,恒生科技ETF,0.56,774851390.0,1381653789.0,0.556,0.565,0.554
2022-08-30,513180,恒生科技ETF,0.553,753108685.0,1367513374.0,0.562,0.563,0.544
2022-08-31,513180,恒生科技ETF,0.563,1215719513.0,2171760200.0,0.545,0.574,0.544
2022-09-01,513180,恒生科技ETF,0.553,828581896.0,1482166489.0,0.559,0.566,0.551
2022-09-02,513180,恒生科技ETF,0.547,836422964.0,1523199600.0,0.555,0.558,0.542
2022-09-05,513180,恒生科技ETF,0.539,738734058.0,1377675100.0,0.538,0.54,0.533
2022-09-06,513180,恒生科技ETF,0.54,711990342.0,1324133800.0,0.542,0.543,0.534
2022-09-07,513180,恒生科技ETF,0.535,780152988.0,1469329800.0,0.531,0.536,0.527
2022-09-08,513180,恒生科技ETF,0.53,634145486.0,1187503969.0,0.536,0.539,0.529
2022-09-09,513180,恒生科技ETF,0.54,916081554.0,1704013086.0,0.531,0.543,0.528
2022-09-13,513180,恒生科技ETF,0.539,528721748.0,977263396.0,0.543,0.545,0.538
2022-09-14,513180,恒生科技ETF,0.527,783030235.0,1484898150.0,0.529,0.531,0.524
2022-09-15,513180,恒生科技ETF,0.526,506595143.0,961493700.0,0.527,0.53,0.524
2022-09-16,513180,恒生科技ETF,0.519,773845068.0,1481350000.0,0.524,0.527,0.519
2022-09-19,513180,恒生科技ETF,0.505,698120805.0,1378676340.0,0.511,0.512,0.504
2022-09-20,513180,恒生科技ETF,0.516,662456398.0,1284314001.0,0.511,0.519,0.511
2022-09-21,513180,恒生科技ETF,0.505,680088381.0,1342606034.0,0.51,0.511,0.503
2022-09-22,513180,恒生科技ETF,0.494,957846887.0,1937159200.0,0.491,0.499,0.489
2022-09-23,513180,恒生科技ETF,0.489,744094861.0,1513826600.0,0.494,0.497,0.487
2022-09-26,513180,恒生科技ETF,0.493,1032222291.0,2079331320.0,0.484,0.504,0.484
2022-09-27,513180,恒生科技ETF,0.499,854302013.0,1727270162.0,0.497,0.5,0.489
2022-09-28,513180,恒生科技ETF,0.488,791099920.0,1608529092.0,0.494,0.496,0.487
2022-09-29,513180,恒生科技ETF,0.478,1235661642.0,2544251049.0,0.496,0.497,0.473
2022-09-30,513180,恒生科技ETF,0.468,1036605147.0,2207661658.0,0.477,0.479,0.463
2022-10-10,513180,恒生科技ETF,0.461,724075536.0,1561193400.0,0.465,0.469,0.459
2022-10-11,513180,恒生科技ETF,0.453,1010902977.0,2231168400.0,0.46,0.462,0.448
2022-10-12,513180,恒生科技ETF,0.465,2141355471.0,4805754903.0,0.448,0.472,0.434
2022-10-13,513180,恒生科技ETF,0.444,1372324141.0,3051464097.0,0.451,0.458,0.444
2022-10-14,513180,恒生科技ETF,0.447,2121048027.0,4681525349.0,0.451,0.46,0.447
2022-10-17,513180,恒生科技ETF,0.441,1974954853.0,4518429466.0,0.438,0.443,0.432
2022-10-18,513180,恒生科技ETF,0.455,2854133776.0,6317407521.0,0.452,0.458,0.443
2022-10-19,513180,恒生科技ETF,0.444,1935670450.0,4311907457.0,0.454,0.457,0.443
2022-10-20,513180,恒生科技ETF,0.433,3173367627.0,7337510297.0,0.431,0.443,0.426
2022-10-21,513180,恒生科技ETF,0.433,1976238617.0,4546829284.0,0.435,0.44,0.431
2022-10-24,513180,恒生科技ETF,0.4,3576116757.0,8653683764.0,0.422,0.43,0.399
2022-10-25,513180,恒生科技ETF,0.407,4412541161.0,10806547100.0,0.403,0.422,0.392
2022-10-26,513180,恒生科技ETF,0.41,3625498449.0,8693865021.0,0.406,0.424,0.405
2022-10-27,513180,恒生科技ETF,0.414,3051329483.0,7259361558.0,0.424,0.426,0.413
2022-10-28,513180,恒生科技ETF,0.393,2338054877.0,5810925733.0,0.411,0.413,0.392
2022-10-31,513180,恒生科技ETF,0.4,2728528565.0,6781160553.0,0.393,0.41,0.39
2022-11-01,513180,恒生科技ETF,0.433,5253487200.0,12518922831.0,0.405,0.44,0.404
2022-11-02,513180,恒生科技ETF,0.437,3447774466.0,7950545628.0,0.425,0.444,0.424
2022-11-03,513180,恒生科技ETF,0.427,2030157502.0,4698728698.0,0.43,0.439,0.426
2022-11-04,513180,恒生科技ETF,0.455,5147016017.0,11361998746.0,0.432,0.468,0.431
2022-11-07,513180,恒生科技ETF,0.468,4069100687.0,8763468874.0,0.446,0.475,0.444
2022-11-08,513180,恒生科技ETF,0.462,2849028481.0,6136596463.0,0.469,0.474,0.459
2022-11-09,513180,恒生科技ETF,0.448,2746131714.0,5989730940.0,0.464,0.469,0.448
2022-11-10,513180,恒生科技ETF,0.437,2969143939.0,6729857877.0,0.442,0.445,0.437
2022-11-11,513180,恒生科技ETF,0.466,5755029970.0,12377649857.0,0.473,0.475,0.459
2022-11-14,513180,恒生科技ETF,0.475,4652621643.0,9710931684.0,0.49,0.492,0.471
2022-11-15,513180,恒生科技ETF,0.506,5472571350.0,11036937290.0,0.473,0.512,0.469
2022-11-16,513180,恒生科技ETF,0.504,4501082167.0,8850752578.0,0.506,0.52,0.5
2022-11-17,513180,恒生科技ETF,0.503,4111709195.0,8300513575.0,0.501,0.505,0.488
2022-11-18,513180,恒生科技ETF,0.505,4132049394.0,8011883521.0,0.519,0.527,0.503
2022-11-21,513180,恒生科技ETF,0.497,2849611255.0,5783761678.0,0.493,0.5,0.483
2022-11-22,513180,恒生科技ETF,0.477,3234167822.0,6652193823.0,0.495,0.498,0.475
2022-11-23,513180,恒生科技ETF,0.487,3074659609.0,6370065466.0,0.48,0.491,0.474
2022-11-24,513180,恒生科技ETF,0.484,1900032337.0,3897289827.0,0.49,0.495,0.483
2022-11-25,513180,恒生科技ETF,0.479,1782089552.0,3714793316.0,0.488,0.488,0.476
2022-11-28,513180,恒生科技ETF,0.47,3103024036.0,6654559735.0,0.461,0.474,0.458
2022-11-29,513180,恒生科技ETF,0.497,3784031444.0,7697970862.0,0.483,0.499,0.48
2022-11-30,513180,恒生科技ETF,0.505,2559081043.0,5088620617.0,0.5,0.508,0.497
2022-12-01,513180,恒生科技ETF,0.522,3703924639.0,7043265986.0,0.532,0.541,0.52
2022-12-02,513180,恒生科技ETF,0.521,2702312026.0,5174297206.0,0.52,0.531,0.516
2022-12-05,513180,恒生科技ETF,0.559,3582837082.0,6547576327.0,0.542,0.561,0.535
2022-12-06,513180,恒生科技ETF,0.551,3329068304.0,5964294624.0,0.549,0.569,0.546
2022-12-07,513180,恒生科技ETF,0.547,4352751558.0,7744509648.0,0.553,0.575,0.545
2022-12-08,513180,恒生科技ETF,0.562,3758387575.0,6771060912.0,0.544,0.564,0.542
2022-12-09,513180,恒生科技ETF,0.577,4694423398.0,8210806714.0,0.569,0.584,0.559
2022-12-12,513180,恒生科技ETF,0.558,2664865769.0,4712093607.0,0.567,0.574,0.558
2022-12-13,513180,恒生科技ETF,0.561,2975164100.0,5286650947.0,0.558,0.57,0.555
2022-12-14,513180,恒生科技ETF,0.563,3171456209.0,5641433693.0,0.567,0.57,0.553
2022-12-15,513180,恒生科技ETF,0.55,2369343655.0,4288278789.0,0.56,0.562,0.548
2022-12-16,513180,恒生科技ETF,0.554,2900895609.0,5272580818.0,0.547,0.56,0.539
2022-12-19,513180,恒生科技ETF,0.549,2744862197.0,4946197009.0,0.558,0.57,0.545
2022-12-20,513180,恒生科技ETF,0.529,2513565425.0,4700246892.0,0.543,0.544,0.526
2022-12-21,513180,恒生科技ETF,0.53,1988763132.0,3723235060.0,0.534,0.537,0.53
2022-12-22,513180,恒生科技ETF,0.558,2402217268.0,4329818373.0,0.547,0.562,0.545
2022-12-23,513180,恒生科技ETF,0.551,1873873377.0,3394764500.0,0.549,0.56,0.546
2022-12-26,513180,恒生科技ETF,0.543,554093854.0,1019452619.0,0.547,0.548,0.542
2022-12-27,513180,恒生科技ETF,0.555,756515411.0,1369582375.0,0.547,0.556,0.547
2022-12-28,513180,恒生科技ETF,0.557,1865686260.0,3333675687.0,0.555,0.568,0.554
2022-12-29,513180,恒生科技ETF,0.547,1739103440.0,3171251425.0,0.548,0.554,0.544
2022-12-30,513180,恒生科技ETF,0.549,1440698127.0,2601410571.0,0.558,0.56,0.548
2023-01-03,513180,恒生科技ETF,0.554,2420367360.0,4446034132.0,0.542,0.557,0.531
2023-01-04,513180,恒生科技ETF,0.578,2385770157.0,4183115325.0,0.564,0.579,0.56
2023-01-05,513180,恒生科技ETF,0.587,3046573215.0,5136376045.0,0.596,0.604,0.586
2023-01-06,513180,恒生科技ETF,0.578,2388207864.0,4074540944.0,0.594,0.596,0.574
2023-01-09,513180,恒生科技ETF,0.588,2174173850.0,3707419700.0,0.584,0.593,0.579
2023-01-10,513180,恒生科技ETF,0.586,1929716516.0,3305556202.0,0.587,0.589,0.578
2023-01-11,513180,恒生科技ETF,0.586,2048395519.0,3449740600.0,0.591,0.599,0.585
2023-01-12,513180,恒生科技ETF,0.571,3080211678.0,5333078863.0,0.588,0.59,0.567
2023-01-13,513180,恒生科技ETF,0.578,2153102475.0,3756935468.0,0.575,0.579,0.568
2023-01-16,513180,恒生科技ETF,0.569,2872636357.0,4992602201.0,0.582,0.584,0.567
2023-01-17,513180,恒生科技ETF,0.573,2216634654.0,3862290162.0,0.572,0.582,0.568
2023-01-18,513180,恒生科技ETF,0.575,1663756291.0,2888496717.0,0.573,0.581,0.568
2023-01-19,513180,恒生科技ETF,0.571,1555325360.0,2728191300.0,0.57,0.575,0.565
2023-01-20,513180,恒生科技ETF,0.583,1666816055.0,2880102027.0,0.576,0.585,0.574
2023-01-30,513180,恒生科技ETF,0.587,3260807617.0,5452500768.0,0.608,0.609,0.586
2023-01-31,513180,恒生科技ETF,0.571,2446802097.0,4215803840.0,0.588,0.592,0.57
2023-02-01,513180,恒生科技ETF,0.595,2834682559.0,4845295864.0,0.582,0.597,0.576
2023-02-02,513180,恒生科技ETF,0.6,2026293127.0,3362995881.0,0.603,0.608,0.596
2023-02-03,513180,恒生科技ETF,0.591,2209664655.0,3758520647.0,0.592,0.596,0.582
2023-02-06,513180,恒生科技ETF,0.568,2691823612.0,4706584100.0,0.577,0.58,0.566
2023-02-07,513180,恒生科技ETF,0.575,2541757232.0,4405693233.0,0.572,0.583,0.571
2023-02-08,513180,恒生科技ETF,0.565,2380280157.0,4188242566.0,0.574,0.577,0.563
2023-02-09,513180,恒生科技ETF,0.583,2640440528.0,4613538097.0,0.561,0.583,0.56
2023-02-10,513180,恒生科技ETF,0.561,2696034418.0,4750137900.0,0.578,0.579,0.56
2023-02-13,513180,恒生科技ETF,0.561,2948234002.0,5271758502.0,0.553,0.566,0.551
2023-02-14,513180,恒生科技ETF,0.557,1594587143.0,2846372824.0,0.565,0.566,0.557
2023-02-15,513180,恒生科技ETF,0.554,2200829964.0,3969907783.0,0.559,0.562,0.549
2023-02-16,513180,恒生科技ETF,0.564,3959511903.0,6961668256.0,0.56,0.577,0.558
2023-02-17,513180,恒生科技ETF,0.554,2652740102.0,4736184645.0,0.564,0.569,0.553
2023-02-20,513180,恒生科技ETF,0.561,2525581255.0,4546916332.0,0.554,0.563,0.548
2023-02-21,513180,恒生科技ETF,0.545,3203929178.0,5833663489.0,0.557,0.559,0.542
2023-02-22,513180,恒生科技ETF,0.535,3126708255.0,5817635706.0,0.538,0.543,0.532
2023-02-23,513180,恒生科技ETF,0.54,3323240530.0,6153613208.0,0.536,0.546,0.534
2023-02-24,513180,恒生科技ETF,0.532,2534653226.0,4753352679.0,0.537,0.538,0.53
2023-02-27,513180,恒生科技ETF,0.523,2870010502.0,5449831900.0,0.524,0.533,0.522
2023-02-28,513180,恒生科技ETF,0.52,2346439886.0,4487724961.0,0.528,0.531,0.515
2023-03-01,513180,恒生科技ETF,0.545,3391597316.0,6345923758.0,0.521,0.546,0.518
2023-03-02,513180,恒生科技ETF,0.538,2092149983.0,3887727600.0,0.535,0.542,0.534
2023-03-03,513180,恒生科技ETF,0.553,2117867374.0,3857845400.0,0.551,0.556,0.543
2023-03-06,513180,恒生科技ETF,0.549,1987876559.0,3626205600.0,0.548,0.554,0.542
2023-03-07,513180,恒生科技ETF,0.537,3274216873.0,5988336616.0,0.548,0.558,0.535
2023-03-08,513180,恒生科技ETF,0.526,2436664595.0,4628262100.0,0.531,0.533,0.522
2023-03-09,513180,恒生科技ETF,0.524,1830345666.0,3486294501.0,0.526,0.529,0.521
2023-03-10,513180,恒生科技ETF,0.499,3060445043.0,6068895054.0,0.509,0.51,0.499
2023-03-13,513180,恒生科技ETF,0.51,3057229404.0,6005037195.0,0.504,0.516,0.502
2023-03-14,513180,恒生科技ETF,0.498,2772481373.0,5522597821.0,0.507,0.51,0.495
2023-03-15,513180,恒生科技ETF,0.503,2579995537.0,5081991497.0,0.507,0.514,0.501
2023-03-16,513180,恒生科技ETF,0.497,2315903229.0,4609684900.0,0.499,0.509,0.496
2023-03-17,513180,恒生科技ETF,0.514,2845108497.0,5553232724.0,0.508,0.518,0.506
2023-03-20,513180,恒生科技ETF,0.502,2201207515.0,4336661500.0,0.516,0.517,0.499
2023-03-21,513180,恒生科技ETF,0.514,2311667821.0,4536453095.0,0.508,0.514,0.505
2023-03-22,513180,恒生科技ETF,0.523,1997864984.0,3804722300.0,0.522,0.53,0.521
2023-03-23,513180,恒生科技ETF,0.539,2899888791.0,5478671346.0,0.521,0.539,0.518
2023-03-24,513180,恒生科技ETF,0.544,3261112480.0,5956915812.0,0.54,0.555,0.539
2023-03-27,513180,恒生科技ETF,0.54,2921952515.0,5422770351.0,0.546,0.547,0.532
2023-03-28,513180,恒生科技ETF,0.54,2120830095.0,3940104198.0,0.54,0.545,0.533
2023-03-29,513180,恒生科技ETF,0.555,3085889155.0,5545356674.0,0.564,0.565,0.552
2023-03-30,513180,恒生科技ETF,0.555,2364227181.0,4253398700.0,0.557,0.563,0.55
2023-03-31,513180,恒生科技ETF,0.56,1902555269.0,3386847000.0,0.565,0.567,0.557
2023-04-03,513180,恒生科技ETF,0.559,1678676578.0,3012281102.0,0.557,0.561,0.553
2023-04-04,513180,恒生科技ETF,0.553,1891332055.0,3433390450.0,0.558,0.558,0.547
2023-04-06,513180,恒生科技ETF,0.547,1842216564.0,3371970322.0,0.543,0.551,0.542
2023-04-07,513180,恒生科技ETF,0.557,872440149.0,1568728449.0,0.554,0.559,0.553
2023-04-10,513180,恒生科技ETF,0.555,371715025.0,668484622.0,0.558,0.559,0.555
2023-04-11,513180,恒生科技ETF,0.55,2292253966.0,4140377802.0,0.557,0.562,0.546
2023-04-12,513180,恒生科技ETF,0.543,1439349806.0,2629806100.0,0.552,0.554,0.542
2023-04-13,513180,恒生科技ETF,0.536,2014929087.0,3774126600.0,0.533,0.54,0.528
2023-04-14,513180,恒生科技ETF,0.54,1667939237.0,3094062964.0,0.543,0.545,0.534
2023-04-17,513180,恒生科技ETF,0.552,2021443865.0,3703270902.0,0.537,0.553,0.536
2023-04-18,513180,恒生科技ETF,0.546,1478459654.0,2697140763.0,0.55,0.552,0.545
2023-04-19,513180,恒生科技ETF,0.538,1420572466.0,2629605981.0,0.545,0.546,0.536
2023-04-20,513180,恒生科技ETF,0.536,1286721495.0,2399685500.0,0.537,0.539,0.534
2023-04-21,513180,恒生科技ETF,0.52,1884725480.0,3582718640.0,0.533,0.533,0.519
2023-04-24,513180,恒生科技ETF,0.513,1680242101.0,3243023300.0,0.521,0.525,0.511
2023-04-25,513180,恒生科技ETF,0.501,2520439460.0,5019604118.0,0.514,0.515,0.495
2023-04-26,513180,恒生科技ETF,0.509,2045556043.0,4033493219.0,0.499,0.514,0.498
2023-04-27,513180,恒生科技ETF,0.505,1298594066.0,2571312835.0,0.506,0.508,0.502
2023-04-28,513180,恒生科技ETF,0.515,1426162412.0,2778473437.0,0.51,0.518,0.509
2023-05-04,513180,恒生科技ETF,0.505,1692075457.0,3347220691.0,0.507,0.51,0.501
2023-05-05,513180,恒生科技ETF,0.51,1743115215.0,3404965052.0,0.512,0.516,0.508
2023-05-08,513180,恒生科技ETF,0.513,1132292903.0,2210528753.0,0.512,0.516,0.509
2023-05-09,513180,恒生科技ETF,0.499,1336920765.0,2641103100.0,0.512,0.513,0.498
2023-05-10,513180,恒生科技ETF,0.502,1479332105.0,2966054500.0,0.5,0.503,0.495
2023-05-11,513180,恒生科技ETF,0.502,1401503632.0,2764762198.0,0.508,0.511,0.501
2023-05-12,513180,恒生科技ETF,0.51,1854285693.0,3616554850.0,0.514,0.517,0.508
2023-05-15,513180,恒生科技ETF,0.518,2223074829.0,4327259100.0,0.507,0.521,0.504
2023-05-16,513180,恒生科技ETF,0.52,923411354.0,1765790210.0,0.525,0.526,0.519
2023-05-17,513180,恒生科技ETF,0.52,995217053.0,1905426640.0,0.523,0.526,0.518
2023-05-18,513180,恒生科技ETF,0.519,1291255443.0,2478989738.0,0.52,0.525,0.517
2023-05-19,513180,恒生科技ETF,0.512,1174656363.0,2286905000.0,0.514,0.518,0.511
2023-05-22,513180,恒生科技ETF,0.523,1498815574.0,2887557590.0,0.513,0.525,0.51
2023-05-23,513180,恒生科技ETF,0.515,1084439722.0,2081254865.0,0.524,0.527,0.513
2023-05-24,513180,恒生科技ETF,0.506,1237884451.0,2433982600.0,0.511,0.513,0.505
2023-05-25,513180,恒生科技ETF,0.496,2128675792.0,4287683131.0,0.502,0.505,0.49
2023-05-26,513180,恒生科技ETF,0.494,570561239.0,1160283900.0,0.492,0.495,0.488
2023-05-29,513180,恒生科技ETF,0.491,1367547357.0,2763617015.0,0.501,0.503,0.488
2023-05-30,513180,恒生科技ETF,0.497,1506586342.0,3055002120.0,0.492,0.498,0.488
2023-05-31,513180,恒生科技ETF,0.484,1677773742.0,3453656324.0,0.491,0.492,0.481
2023-06-01,513180,恒生科技ETF,0.491,2082064820.0,4210498095.0,0.486,0.501,0.486
2023-06-02,513180,恒生科技ETF,0.514,1830034583.0,3605069047.0,0.503,0.516,0.501
2023-06-05,513180,恒生科技ETF,0.515,1437267341.0,2794282400.0,0.511,0.518,0.509
2023-06-06,513180,恒生科技ETF,0.514,1952285719.0,3757804689.0,0.516,0.525,0.513
2023-06-07,513180,恒生科技ETF,0.526,1894915830.0,3601876061.0,0.527,0.53,0.523
2023-06-08,513180,恒生科技ETF,0.524,1547646109.0,2960437200.0,0.526,0.528,0.518
2023-06-09,513180,恒生科技ETF,0.531,1451330827.0,2756458121.0,0.528,0.531,0.52
2023-06-12,513180,恒生科技ETF,0.532,1235360114.0,2331853625.0,0.531,0.534,0.526
2023-06-13,513180,恒生科技ETF,0.545,2324125132.0,4284576053.0,0.532,0.55,0.531
2023-06-14,513180,恒生科技ETF,0.546,2026198419.0,3678585295.0,0.548,0.557,0.545
2023-06-15,513180,恒生科技ETF,0.563,1902941702.0,3403325741.0,0.556,0.564,0.555
2023-06-16,513180,恒生科技ETF,0.569,2015990917.0,3546947800.0,0.568,0.575,0.563
2023-06-19,513180,恒生科技ETF,0.56,1972916214.0,3520933647.0,0.566,0.568,0.554
2023-06-20,513180,恒生科技ETF,0.551,1880498304.0,3395243313.0,0.562,0.565,0.548
2023-06-21,513180,恒生科技ETF,0.538,1594989208.0,2947325870.0,0.541,0.545,0.537
2023-06-26,513180,恒生科技ETF,0.529,1578185039.0,2985153600.0,0.527,0.534,0.524
2023-06-27,513180,恒生科技ETF,0.541,1731020048.0,3218601277.0,0.531,0.542,0.53
2023-06-28,513180,恒生科技ETF,0.546,1649922466.0,3052249200.0,0.541,0.547,0.534
2023-06-29,513180,恒生科技ETF,0.536,1479912570.0,2742517522.0,0.545,0.546,0.536
2023-06-30,513180,恒生科技ETF,0.535,1702138446.0,3174400719.0,0.535,0.54,0.532
2023-07-03,513180,恒生科技ETF,0.554,2180944379.0,3979473064.0,0.539,0.555,0.538
2023-07-04,513180,恒生科技ETF,0.553,1740385978.0,3142006846.0,0.552,0.559,0.548
2023-07-05,513180,恒生科技ETF,0.547,1502946795.0,2737021100.0,0.553,0.557,0.545
2023-07-06,513180,恒生科技ETF,0.539,2244415247.0,4131740545.0,0.545,0.554,0.534
2023-07-07,513180,恒生科技ETF,0.535,2356353785.0,4416584200.0,0.536,0.541,0.527
2023-07-10,513180,恒生科技ETF,0.538,1626641683.0,3006257699.0,0.546,0.548,0.536
2023-07-11,513180,恒生科技ETF,0.545,1674689037.0,3067740992.0,0.546,0.55,0.542
2023-07-12,513180,恒生科技ETF,0.551,1585580617.0,2865387919.0,0.549,0.558,0.547
2023-07-13,513180,恒生科技ETF,0.571,2305504665.0,4048954469.0,0.564,0.573,0.563
2023-07-14,513180,恒生科技ETF,0.569,1698956121.0,2976922439.0,0.577,0.578,0.566
2023-07-17,513180,恒生科技ETF,0.561,494791543.0,881648180.0,0.565,0.566,0.559
2023-07-18,513180,恒生科技ETF,0.559,1588547890.0,2831436496.0,0.566,0.567,0.558
2023-07-19,513180,恒生科技ETF,0.562,1957042476.0,3536742291.0,0.551,0.562,0.548
2023-07-20,513180,恒生科技ETF,0.552,2407880274.0,4312502600.0,0.563,0.567,0.551
2023-07-21,513180,恒生科技ETF,0.554,1638725492.0,2952420700.0,0.551,0.561,0.548
2023-07-24,513180,恒生科技ETF,0.544,1615397549.0,2944311309.0,0.549,0.555,0.543
2023-07-25,513180,恒生科技ETF,0.572,2389647553.0,4207773421.0,0.566,0.572,0.563
2023-07-26,513180,恒生科技ETF,0.572,1409858929.0,2476766200.0,0.569,0.572,0.566
2023-07-27,513180,恒生科技ETF,0.582,2360697392.0,4045508613.0,0.581,0.588,0.578
2023-07-28,513180,恒生科技ETF,0.604,2984683767.0,5004570687.0,0.58,0.607,0.579
2023-07-31,513180,恒生科技ETF,0.62,4073455260.0,6521600830.0,0.623,0.633,0.616
2023-08-01,513180,恒生科技ETF,0.612,3153257936.0,5067995588.0,0.622,0.633,0.611
2023-08-02,513180,恒生科技ETF,0.596,2732155924.0,4519999966.0,0.611,0.618,0.595
2023-08-03,513180,恒生科技ETF,0.605,2264967846.0,3766186688.0,0.596,0.607,0.594
2023-08-04,513180,恒生科技ETF,0.608,2719283198.0,4447570095.0,0.615,0.618,0.603
2023-08-07,513180,恒生科技ETF,0.61,1590821399.0,2616326895.0,0.604,0.613,0.6
2023-08-08,513180,恒生科技ETF,0.598,1894348969.0,3156372700.0,0.6,0.605,0.595
2023-08-09,513180,恒生科技ETF,0.593,1732845738.0,2929512005.0,0.59,0.598,0.587
2023-08-10,513180,恒生科技ETF,0.595,1641179791.0,2775743493.0,0.59,0.596,0.587
2023-08-11,513180,恒生科技ETF,0.583,1926174180.0,3274091200.0,0.598,0.599,0.583
2023-08-14,513180,恒生科技ETF,0.574,2082604961.0,3650444019.0,0.57,0.575,0.566
2023-08-15,513180,恒生科技ETF,0.578,2440122276.0,4233528547.0,0.575,0.582,0.572
2023-08-16,513180,恒生科技ETF,0.569,1912590061.0,3345366700.0,0.57,0.577,0.567
2023-08-17,513180,恒生科技ETF,0.579,3334574046.0,5853265126.0,0.56,0.58,0.557
2023-08-18,513180,恒生科技ETF,0.556,3307485508.0,5873377815.0,0.572,0.576,0.555
2023-08-21,513180,恒生科技ETF,0.544,2394337525.0,4360765784.0,0.548,0.556,0.543
2023-08-22,513180,恒生科技ETF,0.554,3456749848.0,6295676796.0,0.55,0.558,0.54
2023-08-23,513180,恒生科技ETF,0.55,2646427131.699,4793215882.0,0.552,0.559,0.546
2023-08-24,513180,恒生科技ETF,0.57,3096794805.0,5473494427.0,0.557,0.574,0.555
2023-08-25,513180,恒生科技ETF,0.561,2297812064.0,4084447000.0,0.564,0.567,0.56
2023-08-28,513180,恒生科技ETF,0.571,3749281889.0,6501407077.0,0.592,0.593,0.569
2023-08-29,513180,恒生科技ETF,0.584,2760177987.0,4748867383.0,0.574,0.588,0.572
2023-08-30,513180,恒生科技ETF,0.58,2681570293.0,4566921170.0,0.591,0.595,0.579
2023-08-31,513180,恒生科技ETF,0.576,2428093139.0,4176714658.0,0.583,0.588,0.575
2023-09-01,513180,恒生科技ETF,0.58,747963202.0,1289051025.0,0.58,0.583,0.578
2023-09-04,513180,恒生科技ETF,0.59,2150991500.0,3657000992.0,0.588,0.592,0.583
2023-09-05,513180,恒生科技ETF,0.581,1655843248.0,2833981130.0,0.587,0.59,0.579
2023-09-06,513180,恒生科技ETF,0.576,1910788753.0,3328392500.0,0.577,0.578,0.57
2023-09-07,513180,恒生科技ETF,0.566,1540525693.0,2701772422.0,0.576,0.577,0.566
2023-09-08,513180,恒生科技ETF,0.559,615812787.0,1103902727.0,0.557,0.56,0.556
2023-09-11,513180,恒生科技ETF,0.56,2042073700.0,3649879020.0,0.556,0.565,0.554
2023-09-12,513180,恒生科技ETF,0.563,1780096072.0,3166966828.0,0.559,0.568,0.557
2023-09-13,513180,恒生科技ETF,0.558,1835776470.0,3282461885.0,0.564,0.566,0.555
2023-09-14,513180,恒生科技ETF,0.56,1388719902.0,2486862300.0,0.559,0.563,0.555
2023-09-15,513180,恒生科技ETF,0.562,2009976485.0,3571879929.0,0.561,0.567,0.556
2023-09-18,513180,恒生科技ETF,0.554,1448651724.0,2607285990.0,0.556,0.56,0.552
2023-09-19,513180,恒生科技ETF,0.55,1480124814.0,2697120400.0,0.553,0.553,0.545
2023-09-20,513180,恒生科技ETF,0.543,1729488274.0,3175093421.0,0.547,0.548,0.541
2023-09-21,513180,恒生科技ETF,0.531,1879538303.0,3525679912.0,0.537,0.539,0.529
2023-09-22,513180,恒生科技ETF,0.548,2407956330.0,4458406047.0,0.528,0.55,0.527
2023-09-25,513180,恒生科技ETF,0.537,1300711860.0,2406169422.0,0.547,0.547,0.536
2023-09-26,513180,恒生科技ETF,0.529,1810389261.0,3406269900.0,0.536,0.537,0.528
2023-09-27,513180,恒生科技ETF,0.531,1876018800.0,3523945902.0,0.529,0.537,0.529
2023-09-28,513180,恒生科技ETF,0.523,2011484488.0,3828629147.0,0.531,0.533,0.52
2023-10-09,513180,恒生科技ETF,0.527,1274840174.0,2417881100.0,0.527,0.531,0.524
2023-10-10,513180,恒生科技ETF,0.534,1587589032.0,2959205155.0,0.534,0.541,0.533
2023-10-11,513180,恒生科技ETF,0.544,1810173000.0,3320582500.0,0.545,0.548,0.543
2023-10-12,513180,恒生科技ETF,0.554,1537066316.0,2777374873.0,0.554,0.556,0.551
2023-10-13,513180,恒生科技ETF,0.538,2056347463.0,3813443871.0,0.54,0.544,0.535
2023-10-16,513180,恒生科技ETF,0.526,1700210544.0,3210752637.0,0.536,0.537,0.524
2023-10-17,513180,恒生科技ETF,0.53,1428728121.0,2698084566.0,0.531,0.533,0.526
2023-10-18,513180,恒生科技ETF,0.522,1726558224.0,3297056526.0,0.526,0.528,0.521
2023-10-19,513180,恒生科技ETF,0.51,1964700185.0,3835149800.0,0.513,0.515,0.51
2023-10-20,513180,恒生科技ETF,0.509,1692276193.0,3316710809.0,0.507,0.513,0.507
2023-10-23,513180,恒生科技ETF,0.5,740032060.0,1474883308.0,0.504,0.505,0.498
2023-10-24,513180,恒生科技ETF,0.503,2424310868.0,4829577879.0,0.506,0.507,0.496
2023-10-25,513180,恒生科技ETF,0.512,2854319358.0,5512849117.0,0.52,0.524,0.51
2023-10-26,513180,恒生科技ETF,0.512,2219893039.0,4347201100.0,0.51,0.516,0.506
2023-10-27,513180,恒生科技ETF,0.525,2874899622.0,5510732004.0,0.515,0.529,0.513
2023-10-30,513180,恒生科技ETF,0.529,2636268121.0,5002526875.0,0.52,0.531,0.519
2023-10-31,513180,恒生科技ETF,0.521,2057023650.0,3941139900.0,0.527,0.528,0.517
2023-11-01,513180,恒生科技ETF,0.518,2421785312.0,4684184900.0,0.522,0.523,0.513
2023-11-02,513180,恒生科技ETF,0.524,2500404735.0,4731422570.0,0.527,0.534,0.523
2023-11-03,513180,恒生科技ETF,0.541,2582438663.0,4815331438.0,0.532,0.543,0.529
2023-11-06,513180,恒生科技ETF,0.56,3269881619.0,5860662682.0,0.553,0.563,0.551
2023-11-07,513180,恒生科技ETF,0.555,2104862326.0,3789811257.0,0.554,0.561,0.552
2023-11-08,513180,恒生科技ETF,0.551,2163425042.0,3899145786.0,0.554,0.559,0.549
2023-11-09,513180,恒生科技ETF,0.552,1943900831.0,3513635175.0,0.552,0.558,0.549
2023-11-10,513180,恒生科技ETF,0.537,2278688033.0,4227133911.0,0.542,0.543,0.536
2023-11-13,513180,恒生科技ETF,0.542,2044065324.0,3779124200.0,0.54,0.546,0.536
2023-11-14,513180,恒生科技ETF,0.546,2027265499.0,3713469015.0,0.55,0.552,0.542
2023-11-15,513180,恒生科技ETF,0.56,2916465495.0,5238587207.0,0.56,0.562,0.552
2023-11-16,513180,恒生科技ETF,0.556,3943743983.0,7101830100.0,0.567,0.568,0.549
2023-11-17,513180,恒生科技ETF,0.546,2410467413.0,4426977400.0,0.545,0.549,0.541
2023-11-20,513180,恒生科技ETF,0.551,2712423679.0,4933035423.0,0.548,0.554,0.544
2023-11-21,513180,恒生科技ETF,0.547,2669830807.0,4809906239.0,0.559,0.561,0.546
2023-11-22,513180,恒生科技ETF,0.542,2070474323.0,3803076900.0,0.544,0.549,0.541
2023-11-23,513180,恒生科技ETF,0.552,2443175365.0,4456696599.0,0.545,0.552,0.543
2023-11-24,513180,恒生科技ETF,0.545,1933503058.0,3531254797.0,0.55,0.551,0.545
2023-11-27,513180,恒生科技ETF,0.546,1802063784.0,3323211052.0,0.547,0.549,0.538
2023-11-28,513180,恒生科技ETF,0.542,1930632657.0,3552464600.0,0.544,0.547,0.539
2023-11-29,513180,恒生科技ETF,0.527,2967301986.0,5586141223.0,0.541,0.543,0.524
2023-11-30,513180,恒生科技ETF,0.527,2214470786.0,4222757810.0,0.527,0.528,0.52
2023-12-01,513180,恒生科技ETF,0.521,2742475603.0,5263175500.0,0.525,0.526,0.518
2023-12-04,513180,恒生科技ETF,0.509,2303602919.0,4485790173.0,0.521,0.522,0.508
2023-12-05,513180,恒生科技ETF,0.495,2698940439.0,5404940546.0,0.507,0.508,0.494
2023-12-06,513180,恒生科技ETF,0.507,3138445629.0,6222670010.0,0.498,0.511,0.496
2023-12-07,513180,恒生科技ETF,0.502,2103267821.0,4198915866.0,0.505,0.506,0.498
2023-12-08,513180,恒生科技ETF,0.502,2606782546.0,5190928777.0,0.503,0.507,0.498
2023-12-11,513180,恒生科技ETF,0.5,3046452672.0,6142066183.0,0.496,0.502,0.491
2023-12-12,513180,恒生科技ETF,0.508,2350052153.0,4651918312.0,0.501,0.509,0.498
2023-12-13,513180,恒生科技ETF,0.498,1663724589.0,3318914758.0,0.503,0.505,0.497
2023-12-14,513180,恒生科技ETF,0.5,2215138560.0,4392361146.0,0.505,0.509,0.499
2023-12-15,513180,恒生科技ETF,0.508,3159408258.0,6196159789.0,0.506,0.516,0.504
2023-12-18,513180,恒生科技ETF,0.503,1497853709.0,2971951445.0,0.505,0.507,0.502
2023-12-19,513180,恒生科技ETF,0.502,1791878067.0,3578539073.0,0.5,0.505,0.497
2023-12-20,513180,恒生科技ETF,0.503,1761474194.0,3483559530.0,0.507,0.508,0.502
2023-12-21,513180,恒生科技ETF,0.502,2242790573.0,4493369586.0,0.496,0.503,0.495
2023-12-22,513180,恒生科技ETF,0.477,4504804874.0,9250272626.0,0.504,0.509,0.472
2023-12-25,513180,恒生科技ETF,0.481,1027017709.0,2134174751.0,0.481,0.485,0.479
2023-12-26,513180,恒生科技ETF,0.479,686699417.0,1434787277.0,0.481,0.481,0.477
2023-12-27,513180,恒生科技ETF,0.487,2376229190.0,4897738098.0,0.486,0.489,0.482
2023-12-28,513180,恒生科技ETF,0.502,3097461652.0,6229410187.0,0.487,0.507,0.486
2023-12-29,513180,恒生科技ETF,0.499,1965105269.0,3934399570.0,0.501,0.504,0.496
2024-01-02,513180,恒生科技ETF,0.496,1724700315.0,3453852500.0,0.506,0.507,0.494
2024-01-03,513180,恒生科技ETF,0.489,1925365191.0,3939671575.0,0.491,0.492,0.486
2024-01-04,513180,恒生科技ETF,0.49,1432189027.0,2931226005.0,0.492,0.492,0.486
2024-01-05,513180,恒生科技ETF,0.482,2047088865.0,4208932530.0,0.487,0.493,0.481
2024-01-08,513180,恒生科技ETF,0.469,1899594231.0,4029783515.0,0.48,0.481,0.467
2024-01-09,513180,恒生科技ETF,0.466,2021127506.0,4290524961.0,0.47,0.476,0.466
2024-01-10,513180,恒生科技ETF,0.46,1765841068.0,3808382692.0,0.463,0.469,0.459
2024-01-11,513180,恒生科技ETF,0.474,2552946977.0,5438026900.0,0.462,0.476,0.462
2024-01-12,513180,恒生科技ETF,0.467,1697274641.0,3611234666.0,0.468,0.475,0.466
2024-01-15,513180,恒生科技ETF,0.457,2198990814.0,4776901000.0,0.465,0.466,0.456
2024-01-16,513180,恒生科技ETF,0.45,2252862276.0,4983569900.0,0.454,0.46,0.446
2024-01-17,513180,恒生科技ETF,0.424,3022865694.0,6975973125.0,0.446,0.446,0.424
2024-01-18,513180,恒生科技ETF,0.431,3121719484.0,7289429106.0,0.427,0.433,0.423
2024-01-19,513180,恒生科技ETF,0.42,2369128221.0,5541172427.0,0.429,0.434,0.42
2024-01-22,513180,恒生科技ETF,0.408,2771501395.0,6688594507.0,0.424,0.427,0.404
2024-01-23,513180,恒生科技ETF,0.424,4420303778.0,10485655572.0,0.412,0.43,0.41
2024-01-24,513180,恒生科技ETF,0.433,3630271664.0,8440738494.0,0.433,0.438,0.422
2024-01-25,513180,恒生科技ETF,0.444,2957138880.0,6735071057.0,0.438,0.445,0.431
2024-01-26,513180,恒生科技ETF,0.43,2912125937.0,6710247822.0,0.44,0.441,0.426
2024-01-29,513180,恒生科技ETF,0.428,2561567139.0,5933022618.0,0.431,0.438,0.427
2024-01-30,513180,恒生科技ETF,0.416,2082159631.0,4964925782.0,0.422,0.424,0.415
2024-01-31,513180,恒生科技ETF,0.402,2732631357.0,6698978497.0,0.413,0.417,0.402
2024-02-01,513180,恒生科技ETF,0.411,3608933153.0,8765638621.0,0.405,0.419,0.403
2024-02-02,513180,恒生科技ETF,0.41,3202909141.0,7728934526.0,0.419,0.424,0.404
2024-02-05,513180,恒生科技ETF,0.409,3879732588.0,9492499300.0,0.402,0.417,0.401
2024-02-06,513180,恒生科技ETF,0.436,4289337430.0,10096386242.0,0.41,0.437,0.409
2024-02-07,513180,恒生科技ETF,0.43,4266754139.0,9775189166.0,0.44,0.446,0.426
2024-02-08,513180,恒生科技ETF,0.428,2888992668.0,6719924687.0,0.429,0.435,0.426
2024-02-19,513180,恒生科技ETF,0.44,2190665831.0,4987548969.0,0.443,0.444,0.436
2024-02-20,513180,恒生科技ETF,0.438,1506452372.0,3457587000.0,0.442,0.443,0.432
2024-02-21,513180,恒生科技ETF,0.454,3688186117.0,8167496895.0,0.435,0.46,0.434
2024-02-22,513180,恒生科技ETF,0.457,2282351704.0,5037445282.0,0.451,0.458,0.448
2024-02-23,513180,恒生科技ETF,0.46,2292403059.0,5003817071.0,0.456,0.464,0.454
2024-02-26,513180,恒生科技ETF,0.457,2082751195.0,4546065834.0,0.457,0.462,0.455
2024-02-27,513180,恒生科技ETF,0.466,3387990763.0,7350675330.0,0.461,0.466,0.454
2024-02-28,513180,恒生科技ETF,0.461,3171380047.0,6746095476.0,0.475,0.478,0.46
2024-02-29,513180,恒生科技ETF,0.464,3320813846.0,7197103723.0,0.456,0.467,0.456
2024-03-01,513180,恒生科技ETF,0.469,3421866343.0,7370979939.0,0.457,0.47,0.456
2024-03-04,513180,恒生科技ETF,0.465,2547564978.0,5459565023.0,0.469,0.471,0.462
2024-03-05,513180,恒生科技ETF,0.45,3108623832.0,6871821901.0,0.456,0.458,0.447
2024-03-06,513180,恒生科技ETF,0.458,3144784271.0,6888009465.0,0.448,0.465,0.448
2024-03-07,513180,恒生科技ETF,0.449,2244944392.0,4910491300.0,0.46,0.464,0.449
2024-03-08,513180,恒生科技ETF,0.458,2095969636.0,4589296647.0,0.452,0.46,0.452
2024-03-11,513180,恒生科技ETF,0.467,2031319371.0,4376855087.0,0.459,0.468,0.458
2024-03-12,513180,恒生科技ETF,0.488,3882876501.0,8094091912.0,0.473,0.489,0.469
2024-03-13,513180,恒生科技ETF,0.491,2801171628.0,5680097704.0,0.489,0.497,0.488
2024-03-14,513180,恒生科技ETF,0.483,2033458146.0,4172964444.0,0.494,0.496,0.48
2024-03-15,513180,恒生科技ETF,0.477,2255869868.0,4760361050.0,0.476,0.478,0.469
2024-03-18,513180,恒生科技ETF,0.485,2523247163.0,5252014866.0,0.476,0.485,0.474
2024-03-19,513180,恒生科技ETF,0.475,2193045715.0,4597052900.0,0.479,0.481,0.474
2024-03-20,513180,恒生科技ETF,0.479,2233313055.0,4685459985.0,0.477,0.48,0.471
2024-03-21,513180,恒生科技ETF,0.484,2482186782.0,5109911959.0,0.487,0.491,0.481
2024-03-22,513180,恒生科技ETF,0.469,3204906767.0,6823957549.0,0.477,0.478,0.465
2024-03-25,513180,恒生科技ETF,0.463,2299493801.0,4919387400.0,0.47,0.473,0.463
2024-03-26,513180,恒生科技ETF,0.47,2207701605.0,4724361424.0,0.468,0.472,0.464
2024-03-27,513180,恒生科技ETF,0.461,1945440132.0,4204064600.0,0.465,0.466,0.46
2024-03-28,513180,恒生科技ETF,0.47,2576509789.0,5483480924.0,0.463,0.477,0.462
2024-03-29,513180,恒生科技ETF,0.474,603675854.0,1273778400.0,0.473,0.476,0.472
2024-04-01,513180,恒生科技ETF,0.483,1676856137.0,3494729400.0,0.476,0.484,0.475
2024-04-02,513180,恒生科技ETF,0.478,2176270147.0,4532667000.0,0.485,0.486,0.477
2024-04-03,513180,恒生科技ETF,0.469,1657783548.0,3502129500.0,0.479,0.48,0.469
2024-04-08,513180,恒生科技ETF,0.466,2025653242.0,4330140600.0,0.466,0.473,0.462
2024-04-09,513180,恒生科技ETF,0.471,1556382211.0,3303850000.0,0.468,0.475,0.468
2024-04-10,513180,恒生科技ETF,0.479,2505093330.0,5227414688.0,0.476,0.485,0.474
2024-04-11,513180,恒生科技ETF,0.479,1887597919.0,3973773300.0,0.471,0.48,0.47
2024-04-12,513180,恒生科技ETF,0.471,1735443787.0,3659044300.0,0.476,0.48,0.471
2024-04-15,513180,恒生科技ETF,0.466,1765123449.0,3802427354.0,0.463,0.467,0.46
2024-04-16,513180,恒生科技ETF,0.453,1839658282.0,4026918500.0,0.46,0.462,0.451
2024-04-17,513180,恒生科技ETF,0.452,2230966206.0,4927122402.0,0.455,0.458,0.449
2024-04-18,513180,恒生科技ETF,0.454,2160217075.0,4749303000.0,0.451,0.46,0.448
2024-04-19,513180,恒生科技ETF,0.445,2189451936.0,4924957588.0,0.449,0.449,0.44
2024-04-22,513180,恒生科技ETF,0.453,2302647404.0,5088257100.0,0.45,0.457,0.446
2024-04-23,513180,恒生科技ETF,0.466,2322236535.0,5025911800.0,0.46,0.468,0.457
2024-04-24,513180,恒生科技ETF,0.483,2231137969.0,4671802500.0,0.472,0.484,0.47
2024-04-25,513180,恒生科技ETF,0.481,2198535439.0,4545756100.0,0.481,0.49,0.477
2024-04-26,513180,恒生科技ETF,0.502,2966541681.0,5964081900.0,0.484,0.506,0.484
2024-04-29,513180,恒生科技ETF,0.503,3209202732.0,6312946600.0,0.506,0.516,0.503
2024-04-30,513180,恒生科技ETF,0.5,2114095901.0,4200639200.0,0.506,0.509,0.499
2024-05-06,513180,恒生科技ETF,0.541,3617053667.0,6745067980.0,0.535,0.542,0.531
2024-05-07,513180,恒生科技ETF,0.531,2514930693.0,4713820599.0,0.538,0.54,0.527
2024-05-08,513180,恒生科技ETF,0.523,2869604379.0,5423876599.0,0.53,0.536,0.521
2024-05-09,513180,恒生科技ETF,0.532,3135132494.0,5908541800.0,0.525,0.535,0.523
2024-05-10,513180,恒生科技ETF,0.533,3424499906.0,6421695300.0,0.536,0.541,0.527
2024-05-13,513180,恒生科技ETF,0.543,2981106964.0,5540895800.0,0.529,0.545,0.527
2024-05-14,513180,恒生科技ETF,0.549,3104796867.0,5629614200.0,0.552,0.556,0.547
2024-05-15,513180,恒生科技ETF,0.547,1195690856.0,2187530900.0,0.547,0.549,0.545
2024-05-16,513180,恒生科技ETF,0.55,3322748010.0,6051025900.0,0.553,0.555,0.543
2024-05-17,513180,恒生科技ETF,0.556,2678844595.0,4800494058.0,0.558,0.564,0.552
2024-05-20,513180,恒生科技ETF,0.56,2701024082.0,4817460512.0,0.559,0.563,0.558
2024-05-21,513180,恒生科技ETF,0.54,2621495615.0,4804323400.0,0.554,0.555,0.538
2024-05-22,513180,恒生科技ETF,0.542,2272417636.0,4184753600.0,0.542,0.547,0.537
2024-05-23,513180,恒生科技ETF,0.531,2481644402.0,4657367700.0,0.539,0.54,0.529
2024-05-24,513180,恒生科技ETF,0.514,2948539242.0,5660350500.0,0.526,0.53,0.513
2024-05-27,513180,恒生科技ETF,0.525,2923374560.0,5643291300.0,0.516,0.527,0.51
2024-05-28,513180,恒生科技ETF,0.522,2475057368.0,4700496300.0,0.525,0.533,0.521
2024-05-29,513180,恒生科技ETF,0.514,2462766995.0,4785845700.0,0.518,0.52,0.509
2024-05-30,513180,恒生科技ETF,0.509,2518289284.0,4920627400.0,0.511,0.518,0.508
2024-05-31,513180,恒生科技ETF,0.507,2551950617.0,4952652700.0,0.518,0.522,0.506
2024-06-03,513180,恒生科技ETF,0.516,2448793112.0,4754706400.0,0.51,0.519,0.508
2024-06-04,513180,恒生科技ETF,0.518,2038488158.0,3963360654.0,0.512,0.518,0.511
2024-06-05,513180,恒生科技ETF,0.516,2061124476.0,3961281700.0,0.517,0.525,0.515
2024-06-06,513180,恒生科技ETF,0.52,2546176912.0,4872252100.0,0.523,0.527,0.518
2024-06-07,513180,恒生科技ETF,0.513,2371084466.0,4594029400.0,0.523,0.524,0.51
2024-06-11,513180,恒生科技ETF,0.512,2263342957.0,4456641300.0,0.507,0.514,0.503
2024-06-12,513180,恒生科技ETF,0.506,1859178666.0,3667084000.0,0.508,0.511,0.505
2024-06-13,513180,恒生科技ETF,0.508,1918680752.0,3778626900.0,0.511,0.512,0.505
2024-06-14,513180,恒生科技ETF,0.508,1546388323.0,3046735600.0,0.508,0.51,0.505
2024-06-17,513180,恒生科技ETF,0.506,1748043768.0,3450623400.0,0.503,0.511,0.501
2024-06-18,513180,恒生科技ETF,0.506,1503153609.0,2955734213.0,0.508,0.513,0.504
2024-06-19,513180,恒生科技ETF,0.521,2476306617.0,4810698000.0,0.511,0.522,0.509
2024-06-20,513180,恒生科技ETF,0.515,1705242793.0,3283477800.0,0.524,0.525,0.514
2024-06-21,513180,恒生科技ETF,0.508,1813926375.0,3576645100.0,0.511,0.512,0.503
2024-06-24,513180,恒生科技ETF,0.496,1634304336.0,3269864000.0,0.504,0.505,0.496
2024-06-25,513180,恒生科技ETF,0.497,1943468083.0,3868559306.0,0.503,0.507,0.496
2024-06-26,513180,恒生科技ETF,0.506,1871682235.0,3718939700.0,0.498,0.508,0.497
2024-06-27,513180,恒生科技ETF,0.493,2071266485.0,4176463100.0,0.501,0.503,0.491
2024-06-28,513180,恒生科技ETF,0.489,1841108600.0,3745279300.0,0.488,0.496,0.488
2024-07-01,513180,恒生科技ETF,0.488,969442464.0,1996347607.0,0.486,0.488,0.483
2024-07-02,513180,恒生科技ETF,0.485,1808219671.0,3699713600.0,0.486,0.494,0.484
2024-07-03,513180,恒生科技ETF,0.496,2270653332.0,4607522000.0,0.489,0.498,0.488
2024-07-04,513180,恒生科技ETF,0.5,1940086489.0,3861179100.0,0.504,0.508,0.498
2024-07-05,513180,恒生科技ETF,0.495,1851067833.0,3739950300.0,0.5,0.502,0.49
2024-07-08,513180,恒生科技ETF,0.487,1486298141.0,3033091800.0,0.493,0.496,0.486
2024-07-09,513180,恒生科技ETF,0.495,2067811546.0,4209932800.0,0.488,0.498,0.486
2024-07-10,513180,恒生科技ETF,0.495,1868531109.0,3744739400.0,0.499,0.505,0.493
2024-07-11,513180,恒生科技ETF,0.506,2285171959.0,4549321400.0,0.499,0.507,0.497
2024-07-12,513180,恒生科技ETF,0.516,1909119515.0,3713606400.0,0.512,0.518,0.51
2024-07-15,513180,恒生科技ETF,0.504,1740585861.0,3431653800.0,0.512,0.513,0.503
2024-07-16,513180,恒生科技ETF,0.5,1879321557.0,3774040400.0,0.499,0.501,0.495
2024-07-17,513180,恒生科技ETF,0.502,1855475031.0,3692351600.0,0.502,0.506,0.498
2024-07-18,513180,恒生科技ETF,0.499,2261750804.0,4555318400.0,0.496,0.501,0.491
2024-07-19,513180,恒生科技ETF,0.491,2017401742.0,4111636100.0,0.492,0.494,0.489
2024-07-22,513180,恒生科技ETF,0.498,2470161620.0,5001667467.0,0.491,0.499,0.488
2024-07-23,513180,恒生科技ETF,0.489,2004891152.0,4064770200.0,0.501,0.502,0.488
2024-07-24,513180,恒生科技ETF,0.479,2202030079.0,4543509300.0,0.488,0.492,0.478
2024-07-25,513180,恒生科技ETF,0.471,2014695960.0,4264384600.0,0.477,0.478,0.468
2024-07-26,513180,恒生科技ETF,0.475,2503196406.0,5281981200.0,0.474,0.478,0.47
2024-07-29,513180,恒生科技ETF,0.478,2046787902.0,4276607712.0,0.48,0.482,0.475
2024-07-30,513180,恒生科技ETF,0.47,1699530228.0,3608511500.0,0.476,0.476,0.468
2024-07-31,513180,恒生科技ETF,0.484,2760092184.0,5775043200.0,0.47,0.484,0.468
2024-08-01,513180,恒生科技ETF,0.478,2362561713.0,4939943600.0,0.48,0.482,0.475
2024-08-02,513180,恒生科技ETF,0.464,2436480148.0,5221842000.0,0.47,0.473,0.461
2024-08-05,513180,恒生科技ETF,0.452,3833010834.0,8378976297.0,0.457,0.468,0.448
2024-08-06,513180,恒生科技ETF,0.459,2948385579.0,6423879900.0,0.462,0.465,0.454
2024-08-07,513180,恒生科技ETF,0.462,2427047143.0,5233562800.0,0.46,0.468,0.458
2024-08-08,513180,恒生科技ETF,0.462,2131590587.0,4626626100.0,0.458,0.467,0.454
2024-08-09,513180,恒生科技ETF,0.468,1957401825.0,4163030000.0,0.469,0.474,0.467
2024-08-12,513180,恒生科技ETF,0.468,1611925535.0,3457852872.0,0.468,0.47,0.462
2024-08-13,513180,恒生科技ETF,0.468,1715108918.0,3667261817.0,0.469,0.471,0.464
2024-08-14,513180,恒生科技ETF,0.461,1451916245.0,3126100800.0,0.469,0.47,0.46
2024-08-15,513180,恒生科技ETF,0.46,2279929474.0,4937069200.0,0.459,0.468,0.456
2024-08-16,513180,恒生科技ETF,0.47,2189209775.0,4667733086.0,0.468,0.473,0.466
2024-08-19,513180,恒生科技ETF,0.477,1735409953.0,3617155300.0,0.477,0.484,0.476
2024-08-20,513180,恒生科技ETF,0.473,1105204527.0,2322751549.0,0.481,0.481,0.472
2024-08-21,513180,恒生科技ETF,0.465,1762728551.0,3811618093.0,0.462,0.466,0.458
2024-08-22,513180,恒生科技ETF,0.472,2261526536.0,4819935800.0,0.471,0.473,0.465
2024-08-23,513180,恒生科技ETF,0.468,1102788755.0,2356875300.0,0.468,0.47,0.466
2024-08-26,513180,恒生科技ETF,0.472,1353765964.0,2862683800.0,0.471,0.476,0.47
2024-08-27,513180,恒生科技ETF,0.472,1493634394.0,3184452800.0,0.467,0.473,0.465
2024-08-28,513180,恒生科技ETF,0.468,1759163218.0,3769901300.0,0.47,0.471,0.463
2024-08-29,513180,恒生科技ETF,0.466,2280017065.0,4941829700.0,0.459,0.468,0.456
2024-08-30,513180,恒生科技ETF,0.481,2876138268.0,6011764500.0,0.468,0.487,0.467
2024-09-02,513180,恒生科技ETF,0.47,1867736895.0,3951333928.0,0.476,0.477,0.469
2024-09-03,513180,恒生科技ETF,0.472,2070675792.0,4373001672.0,0.471,0.478,0.469
2024-09-04,513180,恒生科技ETF,0.469,1960559347.0,4183597700.0,0.468,0.473,0.465
2024-09-05,513180,恒生科技ETF,0.468,1766626629.0,3760214274.0,0.47,0.474,0.467
2024-09-06,513180,恒生科技ETF,0.466,792548951.0,1692943708.0,0.469,0.471,0.465
2024-09-09,513180,恒生科技ETF,0.463,1124030197.0,2426391900.0,0.465,0.466,0.461
2024-09-10,513180,恒生科技ETF,0.467,2315893062.0,4984286671.0,0.466,0.469,0.46
2024-09-11,513180,恒生科技ETF,0.465,1862663034.0,4017920600.0,0.464,0.466,0.461
2024-09-12,513180,恒生科技ETF,0.47,1872078103.0,3971025630.0,0.469,0.473,0.469
2024-09-13,513180,恒生科技ETF,0.47,1956678271.0,4151057700.0,0.47,0.475,0.468
2024-09-18,513180,恒生科技ETF,0.476,1059016751.0,2226404400.0,0.476,0.478,0.473
2024-09-19,513180,恒生科技ETF,0.49,3098493225.0,6400575300.0,0.478,0.492,0.475
2024-09-20,513180,恒生科技ETF,0.494,3086479827.0,6231497600.0,0.49,0.501,0.487
2024-09-23,513180,恒生科技ETF,0.495,2241636666.0,4500496400.0,0.495,0.503,0.493
2024-09-24,513180,恒生科技ETF,0.52,4448390888.0,8691607036.0,0.507,0.521,0.502
2024-09-25,513180,恒生科技ETF,0.523,5267776702.0,9925462372.0,0.538,0.54,0.519
2024-09-26,513180,恒生科技ETF,0.556,7482363324.0,13756990799.0,0.53,0.557,0.527
2024-09-27,513180,恒生科技ETF,0.586,3253923222.0,5613407000.0,0.575,0.596,0.573
2024-09-30,513180,恒生科技ETF,0.643,11789503008.0,18785409640.0,0.615,0.645,0.604
2024-10-08,513180,恒生科技ETF,0.658,22404441820.0,33735342204.0,0.707,0.707,0.622
2024-10-09,513180,恒生科技ETF,0.62,19714701035.0,31006031900.0,0.648,0.661,0.607
2024-10-10,513180,恒生科技ETF,0.637,11018938663.0,17234500080.0,0.638,0.652,0.628
2024-10-11,513180,恒生科技ETF,0.616,4505973610.0,7228930700.0,0.634,0.635,0.611
2024-10-14,513180,恒生科技ETF,0.628,9359124373.0,15043054197.0,0.624,0.634,0.608
2024-10-15,513180,恒生科技ETF,0.601,6958052769.0,11236494984.0,0.625,0.632,0.6
2024-10-16,513180,恒生科技ETF,0.598,6912323640.0,11527582127.0,0.593,0.607,0.592
2024-10-17,513180,恒生科技ETF,0.593,6630719450.0,10963539200.0,0.605,0.615,0.593
2024-10-18,513180,恒生科技ETF,0.618,11453108577.0,18862259500.0,0.591,0.631,0.588
2024-10-21,513180,恒生科技ETF,0.609,8326515435.0,13487882832.0,0.62,0.627,0.608
2024-10-22,513180,恒生科技ETF,0.613,5719620821.0,9320480538.0,0.612,0.618,0.607
2024-10-23,513180,恒生科技ETF,0.624,6353710511.0,10198171100.0,0.615,0.632,0.612
2024-10-24,513180,恒生科技ETF,0.608,5813197598.0,9488318382.0,0.617,0.62,0.608
2024-10-25,513180,恒生科技ETF,0.613,5964764566.0,9702703858.0,0.609,0.622,0.609
2024-10-28,513180,恒生科技ETF,0.622,4266689666.0,6889305138.0,0.617,0.623,0.613
2024-10-29,513180,恒生科技ETF,0.626,5574468819.0,8833990290.0,0.632,0.637,0.625
2024-10-30,513180,恒生科技ETF,0.613,3982897313.0,6451904100.0,0.622,0.625,0.611
2024-10-31,513180,恒生科技ETF,0.613,4560790880.0,7411243780.0,0.615,0.62,0.61
2024-11-01,513180,恒生科技ETF,0.606,4927451128.0,8091422400.0,0.611,0.616,0.604
2024-11-04,513180,恒生科技ETF,0.612,3625236351.0,5925595800.0,0.611,0.616,0.607
2024-11-05,513180,恒生科技ETF,0.628,6134645012.0,9879387240.0,0.608,0.629,0.608
2024-11-06,513180,恒生科技ETF,0.623,6896589353.0,11024892064.0,0.628,0.633,0.616
2024-11-07,513180,恒生科技ETF,0.636,5968800719.0,9483927161.0,0.621,0.636,0.618
2024-11-08,513180,恒生科技ETF,0.639,6144653927.0,9519602114.0,0.65,0.657,0.637
2024-11-11,513180,恒生科技ETF,0.636,6393326048.0,10163201796.0,0.625,0.638,0.62
2024-11-12,513180,恒生科技ETF,0.615,6929689857.0,11044850674.0,0.636,0.643,0.614
2024-11-13,513180,恒生科技ETF,0.609,5451155473.0,8996135689.0,0.609,0.61,0.601
2024-11-14,513180,恒生科技ETF,0.594,5579885196.0,9236839070.0,0.605,0.614,0.593
2024-11-15,513180,恒生科技ETF,0.595,6147253066.0,10258752794.0,0.597,0.605,0.591
2024-11-18,513180,恒生科技ETF,0.596,5286954866.0,8817783795.0,0.603,0.605,0.594
2024-11-19,513180,恒生科技ETF,0.604,4774650325.0,7937892314.0,0.602,0.606,0.597
2024-11-20,513180,恒生科技ETF,0.605,4352210393.0,7207208800.0,0.601,0.609,0.6
2024-11-21,513180,恒生科技ETF,0.6,3560876314.0,5906193500.0,0.605,0.606,0.599
2024-11-22,513180,恒生科技ETF,0.583,5289218067.0,8887535800.0,0.601,0.605,0.582
2024-11-25,513180,恒生科技ETF,0.581,4247211386.0,7293980600.0,0.588,0.589,0.577
2024-11-26,513180,恒生科技ETF,0.581,3537745343.0,6064615600.0,0.579,0.586,0.579
2024-11-27,513180,恒生科技ETF,0.595,4387382999.0,7503138500.0,0.582,0.596,0.578
2024-11-28,513180,恒生科技ETF,0.591,3268837869.0,5498863800.0,0.599,0.6,0.59
2024-11-29,513180,恒生科技ETF,0.594,5151064041.0,8632903800.0,0.593,0.606,0.59
2024-12-02,513180,恒生科技ETF,0.603,4128811018.0,6847924600.0,0.597,0.608,0.596
2024-12-03,513180,恒生科技ETF,0.605,4478052692.0,7391328780.0,0.607,0.612,0.599
2024-12-04,513180,恒生科技ETF,0.606,3254773553.0,5358358900.0,0.608,0.611,0.604
2024-12-05,513180,恒生科技ETF,0.6,2546505092.0,4239841500.0,0.6,0.604,0.598
2024-12-06,513180,恒生科技ETF,0.612,4556666967.0,7503532685.0,0.603,0.614,0.599
2024-12-09,513180,恒生科技ETF,0.612,2975870329.0,4855695700.0,0.61,0.618,0.608
2024-12-10,513180,恒生科技ETF,0.632,7451083225.0,11570918565.0,0.661,0.662,0.631
2024-12-11,513180,恒生科技ETF,0.623,4523462079.0,7190835732.0,0.633,0.637,0.621
2024-12-12,513180,恒生科技ETF,0.637,4526068119.0,7174985378.0,0.625,0.639,0.621
2024-12-13,513180,恒生科技ETF,0.618,3612139942.0,5804405169.0,0.628,0.629,0.618
2024-12-16,513180,恒生科技ETF,0.607,2864368814.0,4677290300.0,0.618,0.62,0.605
2024-12-17,513180,恒生科技ETF,0.608,4104964039.0,6751231794.0,0.606,0.617,0.602
2024-12-18,513180,恒生科技ETF,0.616,2827350715.0,4602633615.0,0.614,0.619,0.611
2024-12-19,513180,恒生科技ETF,0.616,2981491832.0,4882917100.0,0.609,0.616,0.606
2024-12-20,513180,恒生科技ETF,0.616,2994787142.0,4865760300.0,0.612,0.619,0.611
2024-12-23,513180,恒生科技ETF,0.614,2526513707.0,4105062200.0,0.618,0.62,0.612
2024-12-24,513180,恒生科技ETF,0.623,2839454877.0,4577252500.0,0.616,0.624,0.615
2024-12-25,513180,恒生科技ETF,0.623,785154396.0,1260568600.0,0.623,0.625,0.621
2024-12-26,513180,恒生科技ETF,0.623,366569001.0,588895300.0,0.623,0.624,0.621
2024-12-27,513180,恒生科技ETF,0.626,3459655681.0,5520634420.0,0.624,0.632,0.623
2024-12-30,513180,恒生科技ETF,0.623,2540167298.0,4073213271.0,0.627,0.628,0.62
2024-12-31,513180,恒生科技ETF,0.611,2350099209.0,3802733664.0,0.62,0.622,0.61
2025-01-02,513180,恒生科技ETF,0.602,3771098692.0,6217227500.0,0.612,0.613,0.6
2025-01-03,513180,恒生科技ETF,0.605,3977980937.0,6550573100.0,0.605,0.615,0.599
2025-01-06,513180,恒生科技ETF,0.608,2573168005.0,4212823200.0,0.612,0.616,0.607
2025-01-07,513180,恒生科技ETF,0.6,4125491890.0,6869983300.0,0.604,0.61,0.593
2025-01-08,513180,恒生科技ETF,0.597,3186727578.0,5327545400.0,0.603,0.606,0.591
2025-01-09,513180,恒生科技ETF,0.599,2598405011.0,4329896400.0,0.597,0.605,0.596
2025-01-10,513180,恒生科技ETF,0.591,2446746130.0,4094429000.0,0.601,0.604,0.591
2025-01-13,513180,恒生科技ETF,0.585,2580427334.0,4417753100.0,0.586,0.588,0.579
2025-01-14,513180,恒生科技ETF,0.604,4077199833.0,6822538100.0,0.587,0.607,0.587
2025-01-15,513180,恒生科技ETF,0.602,2286861326.0,3798612300.0,0.601,0.608,0.598
2025-01-16,513180,恒生科技ETF,0.612,4051149709.0,6613816486.0,0.61,0.62,0.604
2025-01-17,513180,恒生科技ETF,0.618,2614216190.0,4254911000.0,0.61,0.62,0.607
2025-01-20,513180,恒生科技ETF,0.633,4007029852.0,6329804918.0,0.628,0.64,0.627
2025-01-21,513180,恒生科技ETF,0.644,4110073232.0,6424446200.0,0.638,0.648,0.632
2025-01-22,513180,恒生科技ETF,0.626,2896523530.0,4586922100.0,0.638,0.64,0.626
2025-01-23,513180,恒生科技ETF,0.617,4119344478.0,6551803500.0,0.633,0.639,0.617
2025-01-24,513180,恒生科技ETF,0.636,3781359758.0,5985293137.0,0.622,0.638,0.621
2025-01-27,513180,恒生科技ETF,0.642,2927828733.0,4537764300.0,0.643,0.65,0.641
2025-02-05,513180,恒生科技ETF,0.674,5025786174.0,7467366500.0,0.677,0.682,0.665
2025-02-06,513180,恒生科技ETF,0.692,3942582502.0,5767988161.0,0.674,0.693,0.673
2025-02-07,513180,恒生科技ETF,0.708,6784494401.0,9616962500.0,0.694,0.715,0.692
2025-02-10,513180,恒生科技ETF,0.728,6644073268.0,9191448454.0,0.713,0.73,0.712
2025-02-11,513180,恒生科技ETF,0.712,5382255330.0,7491020800.0,0.731,0.732,0.71
2025-02-12,513180,恒生科技ETF,0.724,6448371605.0,8954633936.0,0.717,0.726,0.71
2025-02-13,513180,恒生科技ETF,0.733,8442618677.0,11406035558.0,0.73,0.756,0.728
2025-02-14,513180,恒生科技ETF,0.748,7507638963.0,10175264629.0,0.729,0.748,0.728
2025-02-17,513180,恒生科技ETF,0.754,8364134213.0,11052487502.0,0.765,0.774,0.738
2025-02-18,513180,恒生科技ETF,0.766,7157875554.0,9332249287.0,0.756,0.782,0.754
2025-02-19,513180,恒生科技ETF,0.78,5602606351.0,7243927700.0,0.762,0.781,0.757
2025-02-20,513180,恒生科技ETF,0.758,6349780560.0,8329720600.0,0.772,0.777,0.751
2025-02-21,513180,恒生科技ETF,0.796,6348695160.0,8116812990.0,0.775,0.797,0.768
2025-02-24,513180,恒生科技ETF,0.799,7422224840.0,9305834000.0,0.796,0.81,0.785
2025-02-25,513180,恒生科技ETF,0.779,8391862559.0,10717947024.0,0.767,0.797,0.764
2025-02-26,513180,恒生科技ETF,0.821,7313686583.0,9046437800.0,0.79,0.822,0.789
2025-02-27,513180,恒生科技ETF,0.815,11426124117.0,14018044440.0,0.822,0.836,0.794
2025-02-28,513180,恒生科技ETF,0.765,9692089548.0,12343850482.0,0.812,0.813,0.764
2025-03-03,513180,恒生科技ETF,0.759,8116495628.0,10520388100.0,0.775,0.785,0.753
2025-03-04,513180,恒生科技ETF,0.765,9175425896.0,12134297400.0,0.747,0.769,0.74
2025-03-05,513180,恒生科技ETF,0.786,8492560649.0,10924120600.0,0.772,0.787,0.766
2025-03-06,513180,恒生科技ETF,0.827,7790112106.0,9482686299.0,0.81,0.832,0.809
2025-03-07,513180,恒生科技ETF,0.825,11374510233.0,13666557414.0,0.823,0.85,0.817
2025-03-10,513180,恒生科技ETF,0.81,7921687235.0,9718222205.0,0.825,0.834,0.801
2025-03-11,513180,恒生科技ETF,0.812,9308959343.0,11543926800.0,0.794,0.819,0.79
2025-03-12,513180,恒生科技ETF,0.801,7651336511.0,9372004203.0,0.829,0.832,0.799
2025-03-13,513180,恒生科技ETF,0.786,7239093707.0,9159436282.0,0.807,0.809,0.776
2025-03-14,513180,恒生科技ETF,0.808,8174264475.0,10208486865.0,0.799,0.812,0.786
2025-03-17,513180,恒生科技ETF,0.807,5203815378.0,6448255200.0,0.813,0.814,0.799
2025-03-18,513180,恒生科技ETF,0.831,5760466496.0,6975056692.0,0.825,0.832,0.82
2025-03-19,513180,恒生科技ETF,0.828,5000966139.0,6049167000.0,0.829,0.835,0.819
2025-03-20,513180,恒生科技ETF,0.802,6236508030.0,7689393450.0,0.823,0.823,0.801
2025-03-21,513180,恒生科技ETF,0.776,7177011263.0,9131837572.0,0.796,0.803,0.771
2025-03-24,513180,恒生科技ETF,0.779,5153245767.0,6650564200.0,0.777,0.781,0.769
2025-03-25,513180,恒生科技ETF,0.759,5177324071.0,6752645950.0,0.773,0.78,0.757
2025-03-26,513180,恒生科技ETF,0.765,5018791697.0,6554664200.0,0.763,0.772,0.761
2025-03-27,513180,恒生科技ETF,0.771,6569543137.0,8509547700.0,0.769,0.784,0.757
2025-03-28,513180,恒生科技ETF,0.757,6613486238.0,8664582300.0,0.773,0.777,0.751
2025-03-31,513180,恒生科技ETF,0.741,5456585664.0,7351263171.0,0.75,0.752,0.734
2025-04-01,513180,恒生科技ETF,0.749,6050468979.0,8068711000.0,0.748,0.758,0.744
2025-04-02,513180,恒生科技ETF,0.748,5349446314.0,7144843500.0,0.744,0.758,0.739
2025-04-03,513180,恒生科技ETF,0.733,6435007607.0,8748133300.0,0.733,0.744,0.727
2025-04-07,513180,恒生科技ETF,0.66,4872148165.0,7324210938.0,0.675,0.68,0.66
2025-04-08,513180,恒生科技ETF,0.631,12841834173.0,20224468435.0,0.65,0.655,0.617
2025-04-09,513180,恒生科技ETF,0.647,15112003297.0,23788559836.0,0.61,0.653,0.602
2025-04-10,513180,恒生科技ETF,0.67,13695928944.0,20131652335.0,0.68,0.698,0.666
2025-04-11,513180,恒生科技ETF,0.683,11424946250.0,16867675400.0,0.664,0.693,0.66
2025-04-14,513180,恒生科技ETF,0.691,7678387089.0,11033891900.0,0.699,0.704,0.69
2025-04-15,513180,恒生科技ETF,0.687,6644448862.0,9653333800.0,0.697,0.7,0.682
2025-04-16,513180,恒生科技ETF,0.667,6623063025.0,9905890800.0,0.68,0.682,0.659
2025-04-17,513180,恒生科技ETF,0.674,7167379295.0,10634884400.0,0.665,0.68,0.662
2025-04-18,513180,恒生科技ETF,0.669,1330591537.0,1990402100.0,0.67,0.67,0.667
2025-04-21,513180,恒生科技ETF,0.676,2173049848.0,3232436700.0,0.668,0.677,0.667
2025-04-22,513180,恒生科技ETF,0.678,6303965061.0,9331514500.0,0.676,0.684,0.667
2025-04-23,513180,恒生科技ETF,0.699,6500176467.0,9331401200.0,0.702,0.703,0.69
2025-04-24,513180,恒生科技ETF,0.685,5543658405.0,8033753100.0,0.699,0.701,0.683
2025-04-25,513180,恒生科技ETF,0.693,5655805130.0,8122062526.0,0.695,0.703,0.691
2025-04-28,513180,恒生科技ETF,0.692,3644767755.0,5282397013.0,0.693,0.693,0.686
2025-04-29,513180,恒生科技ETF,0.691,4094527559.0,5894828732.0,0.693,0.701,0.688
2025-04-30,513180,恒生科技ETF,0.698,4787951916.0,6881997600.0,0.694,0.701,0.69
2025-05-06,513180,恒生科技ETF,0.721,5160121523.0,7206340631.0,0.716,0.721,0.711
2025-05-07,513180,恒生科技ETF,0.718,6341965339.0,8729786803.0,0.738,0.74,0.715
2025-05-08,513180,恒生科技ETF,0.718,5038792152.0,7006099600.0,0.712,0.726,0.711
2025-05-09,513180,恒生科技ETF,0.708,4593771753.0,6466830285.0,0.717,0.718,0.705
2025-05-12,513180,恒生科技ETF,0.726,6132155955.0,8492655835.0,0.725,0.727,0.715
2025-05-13,513180,恒生科技ETF,0.72,5378049262.0,7409757300.0,0.736,0.736,0.718
2025-05-14,513180,恒生科技ETF,0.732,5956615850.0,8163305909.0,0.727,0.735,0.724
2025-05-15,513180,恒生科技ETF,0.721,4707442534.0,6477609602.0,0.729,0.735,0.72
2025-05-16,513180,恒生科技ETF,0.717,3642709948.0,5078634079.0,0.715,0.721,0.714
2025-05-19,513180,恒生科技ETF,0.715,4120674346.0,5798788461.0,0.712,0.719,0.703
2025-05-20,513180,恒生科技ETF,0.723,3839467674.0,5321981952.0,0.717,0.725,0.714
2025-05-21,513180,恒生科技ETF,0.723,3650260644.0,5031057822.0,0.723,0.729,0.722
2025-05-22,513180,恒生科技ETF,0.712,3595858760.0,5003782292.0,0.723,0.725,0.711
2025-05-23,513180,恒生科技ETF,0.707,3884707442.0,5441766350.0,0.714,0.72,0.706
2025-05-26,513180,恒生科技ETF,0.698,3959372531.0,5646045800.0,0.707,0.707,0.695
2025-05-27,513180,恒生科技ETF,0.701,4100161142.0,5880852200.0,0.694,0.702,0.691
2025-05-28,513180,恒生科技ETF,0.698,2457718555.0,3503859810.0,0.704,0.706,0.697
2025-05-29,513180,恒生科技ETF,0.716,5954821912.0,8386892526.0,0.702,0.719,0.701
2025-05-30,513180,恒生科技ETF,0.699,3784137237.0,5391948200.0,0.708,0.71,0.698
2025-06-03,513180,恒生科技ETF,0.7,3486079015.0,4968643000.0,0.699,0.706,0.698
2025-06-04,513180,恒生科技ETF,0.705,3628531879.0,5138613459.0,0.7,0.71,0.699
2025-06-05,513180,恒生科技ETF,0.717,4311938708.0,6035520700.0,0.713,0.718,0.709
2025-06-06,513180,恒生科技ETF,0.716,3127016292.0,4375804600.0,0.718,0.719,0.712
2025-06-09,513180,恒生科技ETF,0.731,4238942489.0,5816102800.0,0.72,0.735,0.719
2025-06-10,513180,恒生科技ETF,0.725,3967759525.0,5451461057.0,0.733,0.735,0.72
2025-06-11,513180,恒生科技ETF,0.738,3659560454.0,4973591311.0,0.729,0.741,0.729
2025-06-12,513180,恒生科技ETF,0.725,3737292835.0,5140112801.0,0.728,0.731,0.723
2025-06-13,513180,恒生科技ETF,0.706,5224467607.0,7352307000.0,0.716,0.719,0.705
2025-06-16,513180,恒生科技ETF,0.714,3214306992.0,4523539190.0,0.705,0.715,0.703
2025-06-17,513180,恒生科技ETF,0.714,3037895228.0,4241243800.0,0.717,0.721,0.712
2025-06-18,513180,恒生科技ETF,0.707,2880950293.0,4072255594.0,0.713,0.713,0.705
2025-06-19,513180,恒生科技ETF,0.69,3913909617.0,5622128600.0,0.704,0.706,0.688
2025-06-20,513180,恒生科技ETF,0.691,2899602841.0,4189768000.0,0.692,0.695,0.689
2025-06-23,513180,恒生科技ETF,0.701,3569167081.0,5138929300.0,0.687,0.702,0.685
2025-06-24,513180,恒生科技ETF,0.717,4500885243.0,6305669779.0,0.707,0.718,0.706
2025-06-25,513180,恒生科技ETF,0.726,4689465576.0,6497374298.0,0.721,0.726,0.718
2025-06-26,513180,恒生科技ETF,0.719,3868213180.0,5370284434.0,0.72,0.724,0.716
2025-06-27,513180,恒生科技ETF,0.722,4053922932.0,5610791368.0,0.723,0.728,0.719
2025-06-30,513180,恒生科技ETF,0.721,3330226390.0,4614420000.0,0.722,0.725,0.719
2025-07-01,513180,恒生科技ETF,0.719,782444979.0,1088475300.0,0.719,0.72,0.718
2025-07-02,513180,恒生科技ETF,0.713,3730151112.0,5219963579.0,0.722,0.724,0.71
2025-07-03,513180,恒生科技ETF,0.708,3703013476.0,5242824200.0,0.713,0.714,0.702
2025-07-04,513180,恒生科技ETF,0.704,5413883281.0,7699516400.0,0.704,0.713,0.695
2025-07-07,513180,恒生科技ETF,0.704,2843159310.0,4041508443.0,0.701,0.708,0.698
2025-07-08,513180,恒生科技ETF,0.716,4109250761.0,5764725100.0,0.708,0.718,0.707
2025-07-09,513180,恒生科技ETF,0.708,3056569385.0,4299352522.0,0.715,0.716,0.706
2025-07-10,513180,恒生科技ETF,0.708,2801175104.0,3967592200.0,0.706,0.709,0.703
2025-07-11,513180,恒生科技ETF,0.714,5162578698.0,7218805352.0,0.706,0.72,0.705
2025-07-14,513180,恒生科技ETF,0.713,2669980744.0,3754586000.0,0.709,0.715,0.707
2025-07-15,513180,恒生科技ETF,0.725,7480770085.0,10358574997.0,0.716,0.729,0.713
2025-07-16,513180,恒生科技ETF,0.735,7048151784.0,9526174900.0,0.736,0.747,0.732
2025-07-17,513180,恒生科技ETF,0.738,4653317703.0,6333232800.0,0.732,0.739,0.73
2025-07-18,513180,恒生科技ETF,0.745,4058913474.0,5445627100.0,0.746,0.75,0.74
2025-07-21,513180,恒生科技ETF,0.755,3719744112.0,4935522723.0,0.757,0.758,0.749
2025-07-22,513180,恒生科技ETF,0.754,3627754163.0,4812211849.0,0.755,0.758,0.75
2025-07-23,513180,恒生科技ETF,0.774,5743738527.0,7476180383.0,0.764,0.776,0.759
2025-07-24,513180,恒生科技ETF,0.776,4957368639.0,6391253818.0,0.772,0.781,0.771
2025-07-25,513180,恒生科技ETF,0.766,4603642331.0,6010651800.0,0.77,0.771,0.762
2025-07-28,513180,恒生科技ETF,0.767,3656222194.0,4764708599.0,0.77,0.772,0.763
2025-07-29,513180,恒生科技ETF,0.761,3931757686.0,5197077149.0,0.762,0.762,0.752
2025-07-30,513180,恒生科技ETF,0.745,6426276207.0,8564741803.0,0.753,0.758,0.742
2025-07-31,513180,恒生科技ETF,0.741,6154149644.0,8288412459.0,0.741,0.749,0.738
2025-08-01,513180,恒生科技ETF,0.74,4745981459.0,6399713384.0,0.741,0.747,0.736
2025-08-04,513180,恒生科技ETF,0.744,4309895189.0,5854011010.0,0.731,0.744,0.728
2025-08-05,513180,恒生科技ETF,0.747,4008593499.0,5377003776.0,0.745,0.749,0.742
2025-08-06,513180,恒生科技ETF,0.749,3300891771.0,4418488813.0,0.746,0.751,0.743
2025-08-07,513180,恒生科技ETF,0.75,4371308129.0,5834073198.0,0.751,0.753,0.743
2025-08-08,513180,恒生科技ETF,0.738,3016951658.0,4065569241.0,0.745,0.746,0.737
2025-08-11,513180,恒生科技ETF,0.74,3222403654.0,4361805328.0,0.741,0.742,0.735
2025-08-12,513180,恒生科技ETF,0.737,3526231309.0,4786863648.0,0.737,0.74,0.733
2025-08-13,513180,恒生科技ETF,0.758,5308841577.0,7070653103.0,0.744,0.759,0.743
2025-08-14,513180,恒生科技ETF,0.753,5485267125.0,7221652389.0,0.765,0.767,0.751
2025-08-15,513180,恒生科技ETF,0.754,4930291945.0,6575236910.0,0.745,0.755,0.745
2025-08-18,513180,恒生科技ETF,0.762,6354307159.0,8327831096.0,0.757,0.77,0.757
2025-08-19,513180,恒生科技ETF,0.757,4356609102.0,5748411240.0,0.761,0.762,0.754
2025-08-20,513180,恒生科技ETF,0.756,4515650100.0,6019598625.0,0.751,0.756,0.746
2025-08-21,513180,恒生科技ETF,0.746,4188212730.0,5585686350.0,0.754,0.755,0.745
2025-08-22,513180,恒生科技ETF,0.761,6767618046.0,8930116367.0,0.754,0.763,0.751
2025-08-25,513180,恒生科技ETF,0.793,8736971953.0,11110926288.0,0.78,0.794,0.778
2025-08-26,513180,恒生科技ETF,0.786,6092364209.0,7724844219.0,0.785,0.795,0.782
2025-08-27,513180,恒生科技ETF,0.774,7997498103.0,10168241122.0,0.789,0.796,0.772
2025-08-28,513180,恒生科技ETF,0.767,8385046553.0,10966956933.0,0.765,0.77,0.756
2025-08-29,513180,恒生科技ETF,0.773,6672673825.0,8670195332.0,0.772,0.776,0.763
2025-09-01,513180,恒生科技ETF,0.783,6248336535.0,7969494964.0,0.786,0.789,0.78
2025-09-02,513180,恒生科技ETF,0.776,6384268722.0,8200918934.0,0.784,0.786,0.771
2025-09-03,513180,恒生科技ETF,0.768,4636473979.0,5981200165.0,0.782,0.784,0.767
2025-09-04,513180,恒生科技ETF,0.753,7860290882.0,10334082726.0,0.774,0.775,0.752
2025-09-05,513180,恒生科技ETF,0.771,4885972190.0,6408860766.0,0.757,0.771,0.755
2025-09-08,513180,恒生科技ETF,0.78,4542877412.0,5879042055.0,0.771,0.78,0.767
2025-09-09,513180,恒生科技ETF,0.784,6315427064.0,8037648926.0,0.782,0.793,0.779
2025-09-10,513180,恒生科技ETF,0.798,6734113530.0,8416099937.0,0.793,0.806,0.792
2025-09-11,513180,恒生科技ETF,0.802,5726442290.0,7209472311.0,0.79,0.803,0.785
2025-09-12,513180,恒生科技ETF,0.809,6380328930.0,7846522993.0,0.813,0.817,0.809
2025-09-15,513180,恒生科技ETF,0.816,5188935226.0,6345484295.0,0.808,0.823,0.808
2025-09-16,513180,恒生科技ETF,0.824,6383887200.0,7771980975.0,0.822,0.828,0.813
2025-09-17,513180,恒生科技ETF,0.857,7756481359.0,9181249532.0,0.828,0.858,0.828
2025-09-18,513180,恒生科技ETF,0.844,13331953643.0,15545439703.0,0.857,0.873,0.834
2025-09-19,513180,恒生科技ETF,0.846,8238549302.0,9675302489.0,0.85,0.862,0.842
2025-09-22,513180,恒生科技ETF,0.849,6677765820.0,7892749967.0,0.847,0.853,0.841
2025-09-23,513180,恒生科技ETF,0.834,7433841218.0,8901426321.0,0.85,0.851,0.826
2025-09-24,513180,恒生科技ETF,0.854,7262578630.0,8598907243.0,0.83,0.855,0.828
2025-09-25,513180,恒生科技ETF,0.865,7041300162.0,8149270672.0,0.854,0.873,0.854
2025-09-26,513180,恒生科技ETF,0.851,5573696567.0,6508179246.0,0.856,0.863,0.85
2025-09-29,513180,恒生科技ETF,0.857,6144927312.0,7206274062.0,0.847,0.857,0.846
2025-09-30,513180,恒生科技ETF,0.876,5621457455.0,6495250676.0,0.86,0.876,0.858
2025-10-09,513180,恒生科技ETF,0.876,9626143333.0,10897537644.0,0.884,0.896,0.87
2025-10-10,513180,恒生科技ETF,0.849,6320026513.0,7370362319.0,0.865,0.866,0.846
2025-10-13,513180,恒生科技ETF,0.828,8778172869.0,10615190074.0,0.824,0.84,0.814
2025-10-14,513180,恒生科技ETF,0.805,9855639619.0,12010346144.0,0.836,0.842,0.801
2025-10-15,513180,恒生科技ETF,0.822,6557645959.0,8043635644.0,0.814,0.824,0.805
2025-10-16,513180,恒生科技ETF,0.811,5235846475.0,6420648274.0,0.819,0.825,0.807
2025-10-17,513180,恒生科技ETF,0.785,6181679052.0,7773069282.0,0.813,0.813,0.784
2025-10-20,513180,恒生科技ETF,0.802,6073481705.0,7554152961.0,0.807,0.81,0.798
2025-10-21,513180,恒生科技ETF,0.821,5058395882.0,6163276895.0,0.815,0.827,0.813
2025-10-22,513180,恒生科技ETF,0.805,4879642357.0,6065893200.0,0.809,0.811,0.798
2025-10-23,513180,恒生科技ETF,0.811,6610915345.0,8266344210.0,0.8,0.812,0.79
2025-10-24,513180,恒生科技ETF,0.818,4854920043.0,5938923335.0,0.819,0.821,0.813
2025-10-27,513180,恒生科技ETF,0.835,4927376850.0,5921589210.0,0.835,0.835,0.826
2025-10-28,513180,恒生科技ETF,0.823,4888657671.0,5891018647.0,0.836,0.837,0.822
2025-10-29,513180,恒生科技ETF,0.831,1889517793.0,2282060467.0,0.828,0.831,0.825
2025-10-30,513180,恒生科技ETF,0.812,8059491591.0,9823126679.0,0.829,0.831,0.811
2025-10-31,513180,恒生科技ETF,0.802,4761413177.0,5898297499.0,0.812,0.814,0.801
2025-11-03,513180,恒生科技ETF,0.804,4408109315.0,5507042200.0,0.804,0.806,0.794
2025-11-04,513180,恒生科技ETF,0.791,4954437709.0,6217340712.0,0.801,0.808,0.786
2025-11-05,513180,恒生科技ETF,0.783,6333507818.0,8147920617.0,0.775,0.787,0.769
2025-11-06,513180,恒生科技ETF,0.8,4468275088.0,5632038351.0,0.787,0.801,0.784
2025-11-07,513180,恒生科技ETF,0.79,3619825489.0,4570585831.0,0.795,0.798,0.788
2025-11-10,513180,恒生科技ETF,0.798,3761993619.0,4743666973.0,0.794,0.8,0.785
2025-11-11,513180,恒生科技ETF,0.797,3063313123.0,3833071143.0,0.805,0.807,0.792
2025-11-12,513180,恒生科技ETF,0.802,3553880014.0,4440294179.0,0.801,0.807,0.795
2025-11-13,513180,恒生科技ETF,0.81,4783596699.0,5976148558.0,0.796,0.813,0.794
2025-11-14,513180,恒生科技ETF,0.786,4484263032.0,5667880320.0,0.794,0.797,0.785
2025-11-17,513180,恒生科技ETF,0.775,4182881324.0,5362292098.0,0.781,0.788,0.773
2025-11-18,513180,恒生科技ETF,0.761,5011626592.0,6537426917.0,0.769,0.775,0.759
2025-11-19,513180,恒生科技ETF,0.756,4040293613.0,5320099100.0,0.766,0.768,0.753
2025-11-20,513180,恒生科技ETF,0.747,5686103322.0,7560907168.0,0.763,0.765,0.745
2025-11-21,513180,恒生科技ETF,0.733,7777986541.0,10606622041.0,0.736,0.74,0.725
2025-11-24,513180,恒生科技ETF,0.746,6500978383.0,8768888904.0,0.738,0.75,0.731
2025-11-25,513180,恒生科技ETF,0.751,5171840106.0,6825329043.0,0.758,0.764,0.749
2025-11-26,513180,恒生科技ETF,0.757,3748330731.0,4945203526.0,0.758,0.762,0.754
2025-11-27,513180,恒生科技ETF,0.752,4127013577.0,5456316804.0,0.755,0.763,0.75
2025-11-28,513180,恒生科技ETF,0.753,2976199767.0,3954936654.0,0.754,0.756,0.748
2025-12-01,513180,恒生科技ETF,0.757,3913272001.0,5180525800.0,0.753,0.76,0.749
2025-12-02,513180,恒生科技ETF,0.752,3288978481.0,4347337101.0,0.761,0.763,0.751
2025-12-03,513180,恒生科技ETF,0.743,3326590525.0,4467497900.0,0.751,0.752,0.74
2025-12-04,513180,恒生科技ETF,0.752,3827415119.0,5133231186.0,0.744,0.752,0.738
2025-12-05,513180,恒生科技ETF,0.762,4076379184.0,5410790125.0,0.748,0.762,0.745
2025-12-08,513180,恒生科技ETF,0.762,3489600062.0,4578781292.0,0.763,0.766,0.759
2025-12-09,513180,恒生科技ETF,0.747,3491092794.0,4645969616.0,0.76,0.761,0.745
2025-12-10,513180,恒生科技ETF,0.748,3827308918.0,5150580802.0,0.745,0.749,0.738
2025-12-11,513180,恒生科技ETF,0.742,2932257651.0,3929633901.0,0.752,0.754,0.741
2025-12-12,513180,恒生科技ETF,0.754,3269087193.0,4355523607.0,0.748,0.756,0.744
2025-12-15,513180,恒生科技ETF,0.739,2914329729.0,3926008074.0,0.746,0.748,0.738
2025-12-16,513180,恒生科技ETF,0.722,4533484304.0,6269235460.0,0.734,0.735,0.716
2025-12-17,513180,恒生科技ETF,0.729,4201456580.0,5792067012.0,0.722,0.732,0.72
2025-12-18,513180,恒生科技ETF,0.72,2842645978.0,3940213396.0,0.722,0.726,0.718
2025-12-19,513180,恒生科技ETF,0.733,3751584836.0,5131865973.0,0.727,0.735,0.725
2025-12-22,513180,恒生科技ETF,0.737,2463328054.0,3338168548.0,0.736,0.742,0.734
2025-12-23,513180,恒生科技ETF,0.732,2261581258.0,3081694930.0,0.738,0.739,0.729
2025-12-24,513180,恒生科技ETF,0.733,1774914057.0,2418371541.0,0.733,0.737,0.731
2025-12-25,513180,恒生科技ETF,0.734,720749509.0,983475284.0,0.733,0.734,0.732
2025-12-26,513180,恒生科技ETF,0.738,1263789779.0,1717139619.0,0.734,0.738,0.733
2025-12-29,513180,恒生科技ETF,0.734,3860507258.0,5205995385.0,0.738,0.748,0.733
2025-12-30,513180,恒生科技ETF,0.742,3726785685.0,5051460197.0,0.731,0.743,0.73
2025-12-31,513180,恒生科技ETF,0.732,2906686747.0,3963395857.0,0.739,0.741,0.73
2026-01-05,513180,恒生科技ETF,0.759,5112293384.0,6743121767.0,0.757,0.763,0.752
2026-01-06,513180,恒生科技ETF,0.774,5425446186.0,7028036287.0,0.765,0.775,0.764
2026-01-07,513180,恒生科技ETF,0.76,4747122479.0,6242195832.0,0.769,0.77,0.756
2026-01-08,513180,恒生科技ETF,0.751,4407429238.0,5850302166.0,0.758,0.761,0.747
2026-01-09,513180,恒生科技ETF,0.755,4119436885.0,5453192191.0,0.755,0.761,0.751
2026-01-12,513180,恒生科技ETF,0.772,6007795906.0,7859785181.0,0.758,0.774,0.755
2026-01-13,513180,恒生科技ETF,0.772,6630958710.0,8484868912.0,0.788,0.792,0.77
2026-01-14,513180,恒生科技ETF,0.781,8281461564.0,10621150454.0,0.777,0.787,0.771
2026-01-15,513180,恒生科技ETF,0.769,6172284427.0,8008244922.0,0.776,0.781,0.765
2026-01-16,513180,恒生科技ETF,0.768,4152116662.0,5389241825.0,0.777,0.779,0.765
2026-01-19,513180,恒生科技ETF,0.76,3286808311.0,4314720552.0,0.762,0.767,0.759
2026-01-20,513180,恒生科技ETF,0.751,5342665336.0,7089319077.0,0.757,0.762,0.748
2026-01-21,513180,恒生科技ETF,0.756,4182002467.0,5560711954.0,0.746,0.756,0.746
2026-01-22,513180,恒生科技ETF,0.758,3162311909.0,4172879091.0,0.763,0.765,0.754
2026-01-23,513180,恒生科技ETF,0.763,3053921429.0,4004032375.0,0.766,0.767,0.759
2026-01-26,513180,恒生科技ETF,0.754,3662417378.0,4864353055.0,0.763,0.763,0.75
2026-01-27,513180,恒生科技ETF,0.759,3831551350.0,5076663684.0,0.755,0.759,0.748
2026-01-28,513180,恒生科技ETF,0.773,4854221630.0,6329522711.0,0.761,0.774,0.758
2026-01-29,513180,恒生科技ETF,0.764,5708094123.0,7436820035.0,0.768,0.774,0.761
2026-01-30,513180,恒生科技ETF,0.752,3755350539.0,4976314008.0,0.76,0.762,0.75
2026-02-02,513180,恒生科技ETF,0.722,6192260212.0,8480469551.0,0.742,0.743,0.72
2026-02-03,513180,恒生科技ETF,0.72,8051961725.0,11239691776.0,0.731,0.732,0.703
2026-02-04,513180,恒生科技ETF,0.71,6214747407.0,8796863270.0,0.71,0.713,0.7
2026-02-05,513180,恒生科技ETF,0.707,7192836075.0,10291551390.0,0.696,0.707,0.693
2026-02-06,513180,恒生科技ETF,0.701,4869663438.0,6942679347.0,0.694,0.708,0.693
2026-02-09,513180,恒生科技ETF,0.712,4553278128.0,6410409759.0,0.714,0.715,0.707
2026-02-10,513180,恒生科技ETF,0.713,3961912410.0,5538886473.0,0.713,0.72,0.711
2026-02-11,513180,恒生科技ETF,0.717,3513973822.0,4901889513.0,0.713,0.72,0.712
2026-02-12,513180,恒生科技ETF,0.708,3514184651.0,4962342628.0,0.713,0.715,0.705
2026-02-13,513180,恒生科技ETF,0.708,3629455078.0,5175601388.0,0.698,0.709,0.697
2026-02-24,513180,恒生科技ETF,0.687,4317946854.0,6265405259.0,0.7,0.701,0.686
2026-02-25,513180,恒生科技ETF,0.684,3550956706.0,5166303171.0,0.691,0.692,0.683
2026-02-26,513180,恒生科技ETF,0.667,4771543406.0,7098469270.0,0.687,0.687,0.666
2026-02-27,513180,恒生科技ETF,0.67,4278951354.0,6411244939.0,0.663,0.672,0.662
2026-03-02,513180,恒生科技ETF,0.652,5503632513.0,8427370309.0,0.657,0.661,0.647
2026-03-03,513180,恒生科技ETF,0.634,7043015892.0,10967699099.0,0.653,0.655,0.632
2026-03-04,513180,恒生科技ETF,0.625,7190343429.0,11456362310.0,0.628,0.638,0.621
2026-03-05,513180,恒生科技ETF,0.626,6057047775.0,9608659810.0,0.636,0.637,0.621
2026-03-06,513180,恒生科技ETF,0.643,6710556919.0,10522909389.0,0.625,0.646,0.625
2026-03-09,513180,恒生科技ETF,0.639,6638679166.0,10507581334.0,0.623,0.643,0.622
2026-03-10,513180,恒生科技ETF,0.651,5200549618.0,8001679288.0,0.65,0.654,0.643
2026-03-11,513180,恒生科技ETF,0.654,4707453512.0,7172179815.0,0.658,0.662,0.651
2026-03-12,513180,恒生科技ETF,0.649,4138766504.0,6362686343.0,0.65,0.658,0.644
2026-03-13,513180,恒生科技ETF,0.646,3605388520.0,5557190127.0,0.647,0.654,0.645
2026-03-16,513180,恒生科技ETF,0.665,5594609512.0,8545658548.0,0.648,0.665,0.641
2026-03-17,513180,恒生科技ETF,0.662,5875268025.0,8781380155.0,0.666,0.677,0.66
2026-03-18,513180,恒生科技ETF,0.661,5051165389.0,7656217413.0,0.663,0.665,0.654
2026-03-19,513180,恒生科技ETF,0.648,4170904243.0,6414264142.0,0.648,0.657,0.646
2026-03-20,513180,恒生科技ETF,0.63,5491479501.0,8605747218.0,0.642,0.647,0.629
2026-03-23,513180,恒生科技ETF,0.607,6951009014.0,11313960956.0,0.62,0.624,0.604
2026-03-24,513180,恒生科技ETF,0.621,5775006496.0,9397156623.0,0.617,0.622,0.608
2026-03-25,513180,恒生科技ETF,0.633,7506626319.0,11874878275.0,0.63,0.641,0.623
2026-03-26,513180,恒生科技ETF,0.62,4135290943.0,6608264412.0,0.633,0.636,0.618
2026-03-27,513180,恒生科技ETF,0.622,5054205996.0,8147252928.0,0.615,0.627,0.613
2026-03-30,513180,恒生科技ETF,0.61,5713674584.0,9400534668.0,0.608,0.614,0.601
2026-03-31,513180,恒生科技ETF,0.602,4945173658.0,8143887524.0,0.611,0.615,0.601
2026-04-01,513180,恒生科技ETF,0.616,5020635917.0,8194279320.0,0.616,0.618,0.608
2026-04-02,513180,恒生科技ETF,0.601,4500170628.0,7449935100.0,0.61,0.612,0.599
2026-04-03,513180,恒生科技ETF,0.6,1138531723.0,1890683038.0,0.605,0.606,0.6
2026-04-07,513180,恒生科技ETF,0.602,951576816.0,1580739160.0,0.601,0.604,0.6
2026-04-08,513180,恒生科技ETF,0.631,7594344299.0,12164347736.0,0.618,0.632,0.616
2026-04-09,513180,恒生科技ETF,0.622,3129635109.0,5017601871.0,0.625,0.628,0.621
2026-04-10,513180,恒生科技ETF,0.624,4518956714.0,7196623258.0,0.623,0.633,0.623
2026-04-13,513180,恒生科技ETF,0.62,2455888122.0,3962750045.0,0.62,0.623,0.616
2026-04-14,513180,恒生科技ETF,0.623,3465867235.0,5571123968.0,0.628,0.628,0.616
2026-04-15,513180,恒生科技ETF,0.63,4458696303.0,7051885405.0,0.634,0.636,0.628
2026-04-16,513180,恒生科技ETF,0.65,5188408932.0,8051112511.0,0.636,0.652,0.636
2026-04-17,513180,恒生科技ETF,0.644,3038611298.0,4714383626.0,0.647,0.65,0.641
2026-04-20,513180,恒生科技ETF,0.649,4026675400.0,6204185789.0,0.647,0.654,0.644
2026-04-21,513180,恒生科技ETF,0.648,3116219423.0,4820180178.0,0.65,0.652,0.643
2026-04-22,513180,恒生科技ETF,0.639,3316716975.0,5204054617.0,0.642,0.643,0.635
2026-04-23,513180,恒生科技ETF,0.625,3677320073.0,5858048872.0,0.638,0.638,0.624
2026-04-24,513180,恒生科技ETF,0.628,4495024239.0,7213529377.0,0.62,0.631,0.614
2026-04-27,513180,恒生科技ETF,0.632,2824091649.0,4459136390.0,0.631,0.637,0.628
2026-04-28,513180,恒生科技ETF,0.621,2893613548.0,4632090185.0,0.629,0.632,0.618
2026-04-29,513180,恒生科技ETF,0.628,3511411333.0,5599282512.0,0.627,0.63,0.623
2026-04-30,513180,恒生科技ETF,0.627,3517890630.0,5633011860.0,0.625,0.629,0.62
2026-05-06,513180,恒生科技ETF,0.636,5500510936.0,8634561281.0,0.635,0.642,0.63
2026-05-07,513180,恒生科技ETF,0.654,5466086406.0,8399116739.0,0.649,0.655,0.646
2026-05-08,513180,恒生科技ETF,0.653,3553124718.0,5490527307.0,0.648,0.653,0.644
2026-05-11,513180,恒生科技ETF,0.651,4677320290.0,7216421284.0,0.649,0.652,0.645
2026-05-12,513180,恒生科技ETF,0.645,3908947007.0,6019045943.0,0.652,0.655,0.644
2026-05-13,513180,恒生科技ETF,0.646,3828279420.0,5935569315.0,0.643,0.652,0.639
2026-05-14,513180,恒生科技ETF,0.646,6477020019.0,9907433668.0,0.666,0.667,0.645
2026-05-15,513180,恒生科技ETF,0.629,5443263990.0,8583714092.0,0.643,0.644,0.626
2026-05-18,513180,恒生科技ETF,0.617,4538909872.0,7334203520.0,0.624,0.624,0.614
2026-05-19,513180,恒生科技ETF,0.62,3918342633.0,6355289195.0,0.616,0.621,0.613
2026-05-20,513180,恒生科技ETF,0.621,3298101393.0,5335571307.0,0.616,0.622,0.614
2026-05-21,513180,恒生科技ETF,0.608,4446567318.0,7190378414.0,0.626,0.628,0.607
2026-05-22,513180,恒生科技ETF,0.618,3673655066.0,5969774324.0,0.614,0.62,0.609
2026-05-25,513180,恒生科技ETF,0.617,1751945179.0,2848618221.0,0.614,0.618,0.612
2026-05-26,513180,恒生科技ETF,0.63,6286339838.0,10049347372.0,0.624,0.631,0.617
2026-05-27,513180,恒生科技ETF,0.62,3504130147.0,5596977700.0,0.629,0.634,0.618
2026-05-28,513180,恒生科技ETF,0.618,3349499954.0,5434786603.0,0.619,0.621,0.61
2026-05-29,513180,恒生科技ETF,0.62,4312211167.0,6942511122.0,0.623,0.628,0.615
2026-06-01,513180,恒生科技ETF,0.628,4753909225.0,7580929820.0,0.619,0.633,0.619
2026-06-02,513180,恒生科技ETF,0.652,6643694605.0,10302314618.0,0.629,0.654,0.629
2026-06-03,513180,恒生科技ETF,0.641,3518701877.0,5470623579.0,0.65,0.651,0.638
2026-06-04,513180,恒生科技ETF,0.631,2685924797.0,4251722400.0,0.633,0.636,0.628
2026-06-05,513180,恒生科技ETF,0.621,3035128795.0,4863069603.0,0.629,0.63,0.618
2026-06-08,513180,恒生科技ETF,0.603,3422059271.0,5657257740.0,0.607,0.612,0.6
2026-06-09,513180,恒生科技ETF,0.61,3096950907.0,5099398339.0,0.604,0.612,0.602
2026-06-10,513180,恒生科技ETF,0.599,3473626710.0,5802034461.0,0.603,0.606,0.593
2026-06-11,513180,恒生科技ETF,0.589,3103749295.0,5255117640.0,0.598,0.602,0.585
2026-06-12,513180,恒生科技ETF,0.595,2433336399.0,4069121278.0,0.597,0.601,0.594
